ID,Country,Section,Region,Chirality,FaciesZone
BAH_Dr_DR-2_2,Bosnia and Herzegovina,Drežnica,North-Eastern ,R,FZ3
BAH_Dr_DR-2_3,Bosnia and Herzegovina,Drežnica,North-Eastern ,L,FZ3
BAH_Dr_DR-3_1,Bosnia and Herzegovina,Drežnica,North-Eastern ,L,FZ3
BAH_Dr_DR-3_2,Bosnia and Herzegovina,Drežnica,North-Eastern ,R,FZ3
BAH_Dr_DR-3_3,Bosnia and Herzegovina,Drežnica,North-Eastern ,L,FZ3
BAH_Dr_DR-3_4,Bosnia and Herzegovina,Drežnica,North-Eastern ,R,FZ3
BAH_Dr_DR-4_1,Bosnia and Herzegovina,Drežnica,North-Eastern ,R,FZ3
BAH_Dr_DR-4_2,Bosnia and Herzegovina,Drežnica,North-Eastern ,L,FZ3
BAH_Dr_DR-4_3,Bosnia and Herzegovina,Drežnica,North-Eastern ,R,FZ3
BAH_Dr_DR-4_4,Bosnia and Herzegovina,Drežnica,North-Eastern ,L,FZ3
BAH_Dr_DR-4_5,Bosnia and Herzegovina,Drežnica,North-Eastern ,R,FZ3
BAH_Dr_DR-4_6,Bosnia and Herzegovina,Drežnica,North-Eastern ,L,FZ3
BAH_Dr_DR-5_1,Bosnia and Herzegovina,Drežnica,North-Eastern ,L,FZ3
BAH_Dr_DR-6_1,Bosnia and Herzegovina,Drežnica,North-Eastern ,L,FZ3
BAH_Dr_DR-7_1,Bosnia and Herzegovina,Drežnica,North-Eastern ,L,FZ3
BAH_Dr_DR-9_2,Bosnia and Herzegovina,Drežnica,North-Eastern ,R,FZ3
BAH_Dr_DR-9_3,Bosnia and Herzegovina,Drežnica,North-Eastern ,R,FZ3
BAH_Dr_DR-9_4,Bosnia and Herzegovina,Drežnica,North-Eastern ,L,FZ3
SL_Pr_PR10A_1,Slovenia,Prikrnica,North-Eastern ,L,FZ3
SL_Pr_PR10A_10,Slovenia,Prikrnica,North-Eastern ,L,FZ3
SL_Pr_PR10A_11,Slovenia,Prikrnica,North-Eastern ,L,FZ3
SL_Pr_PR10A_2,Slovenia,Prikrnica,North-Eastern ,R,FZ3
SL_Pr_PR10A_3,Slovenia,Prikrnica,North-Eastern ,R,FZ3
SL_Pr_PR10A_4,Slovenia,Prikrnica,North-Eastern ,R,FZ3
SL_Pr_PR10A_5,Slovenia,Prikrnica,North-Eastern ,L,FZ3
SL_Pr_PR10A_6,Slovenia,Prikrnica,North-Eastern ,L,FZ3
SL_Pr_PR10A_7,Slovenia,Prikrnica,North-Eastern ,R,FZ3
SL_Pr_PR10A_8,Slovenia,Prikrnica,North-Eastern ,L,FZ3
SL_Pr_PR10A_9,Slovenia,Prikrnica,North-Eastern ,L,FZ3
SL_Pr_PR10_1,Slovenia,Prikrnica,North-Eastern ,L,FZ3
SL_Pr_PR10_10,Slovenia,Prikrnica,North-Eastern ,L,FZ3
SL_Pr_PR10_11,Slovenia,Prikrnica,North-Eastern ,L,FZ3
SL_Pr_PR10_12,Slovenia,Prikrnica,North-Eastern ,R,FZ3
SL_Pr_PR10_13,Slovenia,Prikrnica,North-Eastern ,L,FZ3
SL_Pr_PR10_14,Slovenia,Prikrnica,North-Eastern ,L,FZ3
SL_Pr_PR10_15,Slovenia,Prikrnica,North-Eastern ,R,FZ3
SL_Pr_PR10_16,Slovenia,Prikrnica,North-Eastern ,R,FZ3
SL_Pr_PR10_17,Slovenia,Prikrnica,North-Eastern ,L,FZ3
SL_Pr_PR10_2,Slovenia,Prikrnica,North-Eastern ,R,FZ3
SL_Pr_PR10_3,Slovenia,Prikrnica,North-Eastern ,L,FZ3
SL_Pr_PR10_4,Slovenia,Prikrnica,North-Eastern ,R,FZ3
SL_Pr_PR10_5,Slovenia,Prikrnica,North-Eastern ,R,FZ3
SL_Pr_PR10_6,Slovenia,Prikrnica,North-Eastern ,L,FZ3
SL_Pr_PR10_7,Slovenia,Prikrnica,North-Eastern ,R,FZ3
SL_Pr_PR10_8,Slovenia,Prikrnica,North-Eastern ,R,FZ3
SL_Pr_PR10_9,Slovenia,Prikrnica,North-Eastern ,R,FZ3
SL_Pr_PR14_1,Slovenia,Prikrnica,North-Eastern ,L,FZ3
SL_Pr_PR14_2,Slovenia,Prikrnica,North-Eastern ,L,FZ3
SL_Pr_PR15_1,Slovenia,Prikrnica,North-Eastern ,L,FZ3
SL_Pr_PR15_10,Slovenia,Prikrnica,North-Eastern ,R,FZ3
SL_Pr_PR15_11,Slovenia,Prikrnica,North-Eastern ,R,FZ3
SL_Pr_PR15_12,Slovenia,Prikrnica,North-Eastern ,L,FZ3
SL_Pr_PR15_2,Slovenia,Prikrnica,North-Eastern ,R,FZ3
SL_Pr_PR15_3,Slovenia,Prikrnica,North-Eastern ,L,FZ3
SL_Pr_PR15_4,Slovenia,Prikrnica,North-Eastern ,R,FZ3
SL_Pr_PR15_5,Slovenia,Prikrnica,North-Eastern ,R,FZ3
SL_Pr_PR15_6,Slovenia,Prikrnica,North-Eastern ,R,FZ3
SL_Pr_PR15_7,Slovenia,Prikrnica,North-Eastern ,L,FZ3
SL_Pr_PR15_8,Slovenia,Prikrnica,North-Eastern ,L,FZ3
SL_Pr_PR15_9,Slovenia,Prikrnica,North-Eastern ,R,FZ3
SL_Pr_PR4_1,Slovenia,Prikrnica,North-Eastern ,L,FZ3
SL_Pr_PR4_2,Slovenia,Prikrnica,North-Eastern ,R,FZ3
SL_Pr_PR4_3,Slovenia,Prikrnica,North-Eastern ,L,FZ3
SL_Pr_PR5_1,Slovenia,Prikrnica,North-Eastern ,L,FZ3
SL_Pr_PR5_10,Slovenia,Prikrnica,North-Eastern ,L,FZ3
SL_Pr_PR5_11,Slovenia,Prikrnica,North-Eastern ,L,FZ3
SL_Pr_PR5_12,Slovenia,Prikrnica,North-Eastern ,R,FZ3
SL_Pr_PR5_2,Slovenia,Prikrnica,North-Eastern ,L,FZ3
SL_Pr_PR5_3,Slovenia,Prikrnica,North-Eastern ,R,FZ3
SL_Pr_PR5_4,Slovenia,Prikrnica,North-Eastern ,R,FZ3
SL_Pr_PR5_5,Slovenia,Prikrnica,North-Eastern ,L,FZ3
SL_Pr_PR5_6,Slovenia,Prikrnica,North-Eastern ,L,FZ3
SL_Pr_PR5_7,Slovenia,Prikrnica,North-Eastern ,L,FZ3
SL_Pr_PR5_8,Slovenia,Prikrnica,North-Eastern ,L,FZ3
SL_Pr_PR5_9,Slovenia,Prikrnica,North-Eastern ,L,FZ3
SL_Pr_PR6_1,Slovenia,Prikrnica,North-Eastern ,L,FZ3
SL_Pr_PR6_2,Slovenia,Prikrnica,North-Eastern ,R,FZ3
SL_Pr_PR6_3,Slovenia,Prikrnica,North-Eastern ,R,FZ3
SL_Pr_PR6_4,Slovenia,Prikrnica,North-Eastern ,R,FZ3
SL_Pr_PR6_5,Slovenia,Prikrnica,North-Eastern ,R,FZ3
SL_Pr_PR6_6,Slovenia,Prikrnica,North-Eastern ,R,FZ3
SL_Pr_PR7_1,Slovenia,Prikrnica,North-Eastern ,L,FZ3
SL_Pr_PR7_10,Slovenia,Prikrnica,North-Eastern ,R,FZ3
SL_Pr_PR7_11,Slovenia,Prikrnica,North-Eastern ,L,FZ3
SL_Pr_PR7_12,Slovenia,Prikrnica,North-Eastern ,R,FZ3
SL_Pr_PR7_13,Slovenia,Prikrnica,North-Eastern ,R,FZ3
SL_Pr_PR7_14,Slovenia,Prikrnica,North-Eastern ,R,FZ3
SL_Pr_PR7_15,Slovenia,Prikrnica,North-Eastern ,R,FZ3
SL_Pr_PR7_16,Slovenia,Prikrnica,North-Eastern ,L,FZ3
SL_Pr_PR7_17,Slovenia,Prikrnica,North-Eastern ,L,FZ3
SL_Pr_PR7_2,Slovenia,Prikrnica,North-Eastern ,R,FZ3
SL_Pr_PR7_3,Slovenia,Prikrnica,North-Eastern ,R,FZ3
SL_Pr_PR7_4,Slovenia,Prikrnica,North-Eastern ,L,FZ3
SL_Pr_PR7_5,Slovenia,Prikrnica,North-Eastern ,L,FZ3
SL_Pr_PR7_6,Slovenia,Prikrnica,North-Eastern ,L,FZ3
SL_Pr_PR7_7,Slovenia,Prikrnica,North-Eastern ,L,FZ3
SL_Pr_PR7_8,Slovenia,Prikrnica,North-Eastern ,L,FZ3
SL_Pr_PR7_9,Slovenia,Prikrnica,North-Eastern ,L,FZ3
SL_Pr_PR8A_1,Slovenia,Prikrnica,North-Eastern ,L,FZ3
SL_Pr_PR8A_10,Slovenia,Prikrnica,North-Eastern ,L,FZ3
SL_Pr_PR8A_11,Slovenia,Prikrnica,North-Eastern ,R,FZ3
SL_Pr_PR8A_12,Slovenia,Prikrnica,North-Eastern ,L,FZ3
SL_Pr_PR8A_13,Slovenia,Prikrnica,North-Eastern ,R,FZ3
SL_Pr_PR8A_14,Slovenia,Prikrnica,North-Eastern ,L,FZ3
SL_Pr_PR8A_15,Slovenia,Prikrnica,North-Eastern ,R,FZ3
SL_Pr_PR8A_2,Slovenia,Prikrnica,North-Eastern ,R,FZ3
SL_Pr_PR8A_3,Slovenia,Prikrnica,North-Eastern ,L,FZ3
SL_Pr_PR8A_4,Slovenia,Prikrnica,North-Eastern ,R,FZ3
SL_Pr_PR8A_5,Slovenia,Prikrnica,North-Eastern ,R,FZ3
SL_Pr_PR8A_6,Slovenia,Prikrnica,North-Eastern ,L,FZ3
SL_Pr_PR8A_7,Slovenia,Prikrnica,North-Eastern ,L,FZ3
SL_Pr_PR8A_8,Slovenia,Prikrnica,North-Eastern ,L,FZ3
SL_Pr_PR8A_9,Slovenia,Prikrnica,North-Eastern ,R,FZ3
SL_Pr_PR8B_1,Slovenia,Prikrnica,North-Eastern ,R,FZ3
SL_Pr_PR8B_10,Slovenia,Prikrnica,North-Eastern ,L,FZ3
SL_Pr_PR8B_11,Slovenia,Prikrnica,North-Eastern ,L,FZ3
SL_Pr_PR8B_12,Slovenia,Prikrnica,North-Eastern ,R,FZ3
SL_Pr_PR8B_13,Slovenia,Prikrnica,North-Eastern ,L,FZ3
SL_Pr_PR8B_14,Slovenia,Prikrnica,North-Eastern ,L,FZ3
SL_Pr_PR8B_15,Slovenia,Prikrnica,North-Eastern ,R,FZ3
SL_Pr_PR8B_16,Slovenia,Prikrnica,North-Eastern ,R,FZ3
SL_Pr_PR8B_17,Slovenia,Prikrnica,North-Eastern ,L,FZ3
SL_Pr_PR8B_18,Slovenia,Prikrnica,North-Eastern ,R,FZ3
SL_Pr_PR8B_2,Slovenia,Prikrnica,North-Eastern ,R,FZ3
SL_Pr_PR8B_3,Slovenia,Prikrnica,North-Eastern ,R,FZ3
SL_Pr_PR8B_4,Slovenia,Prikrnica,North-Eastern ,L,FZ3
SL_Pr_PR8B_5,Slovenia,Prikrnica,North-Eastern ,L,FZ3
SL_Pr_PR8B_6,Slovenia,Prikrnica,North-Eastern ,R,FZ3
SL_Pr_PR8B_7,Slovenia,Prikrnica,North-Eastern ,L,FZ3
SL_Pr_PR8B_8,Slovenia,Prikrnica,North-Eastern ,R,FZ3
SL_Pr_PR8B_9,Slovenia,Prikrnica,North-Eastern ,L,FZ3
SL_Pr_PR8C_1,Slovenia,Prikrnica,North-Eastern ,L,FZ3
SL_Pr_PR8C_10,Slovenia,Prikrnica,North-Eastern ,L,FZ3
SL_Pr_PR8C_11,Slovenia,Prikrnica,North-Eastern ,L,FZ3
SL_Pr_PR8C_12,Slovenia,Prikrnica,North-Eastern ,L,FZ3
SL_Pr_PR8C_13,Slovenia,Prikrnica,North-Eastern ,L,FZ3
SL_Pr_PR8C_2,Slovenia,Prikrnica,North-Eastern ,L,FZ3
SL_Pr_PR8C_3,Slovenia,Prikrnica,North-Eastern ,R,FZ3
SL_Pr_PR8C_4,Slovenia,Prikrnica,North-Eastern ,L,FZ3
SL_Pr_PR8C_5,Slovenia,Prikrnica,North-Eastern ,R,FZ3
SL_Pr_PR8C_6,Slovenia,Prikrnica,North-Eastern ,L,FZ3
SL_Pr_PR8C_7,Slovenia,Prikrnica,North-Eastern ,L,FZ3
SL_Pr_PR8C_8,Slovenia,Prikrnica,North-Eastern ,R,FZ3
SL_Pr_PR8C_9,Slovenia,Prikrnica,North-Eastern ,R,FZ3
SL_Pr_PR8D_1,Slovenia,Prikrnica,North-Eastern ,R,FZ3
SL_Pr_PR8D_10,Slovenia,Prikrnica,North-Eastern ,L,FZ3
SL_Pr_PR8D_11,Slovenia,Prikrnica,North-Eastern ,R,FZ3
SL_Pr_PR8D_2,Slovenia,Prikrnica,North-Eastern ,L,FZ3
SL_Pr_PR8D_3,Slovenia,Prikrnica,North-Eastern ,R,FZ3
SL_Pr_PR8D_4,Slovenia,Prikrnica,North-Eastern ,R,FZ3
SL_Pr_PR8D_5,Slovenia,Prikrnica,North-Eastern ,R,FZ3
SL_Pr_PR8D_6,Slovenia,Prikrnica,North-Eastern ,R,FZ3
SL_Pr_PR8D_7,Slovenia,Prikrnica,North-Eastern ,R,FZ3
SL_Pr_PR8D_8,Slovenia,Prikrnica,North-Eastern ,R,FZ3
SL_Pr_PR8D_9,Slovenia,Prikrnica,North-Eastern ,L,FZ3
SL_Pr_PR8_1,Slovenia,Prikrnica,North-Eastern ,L,FZ3
SL_Pr_PR8_2,Slovenia,Prikrnica,North-Eastern ,R,FZ3
SL_Pr_PR8_3,Slovenia,Prikrnica,North-Eastern ,R,FZ3
SL_Pr_PR8_4,Slovenia,Prikrnica,North-Eastern ,R,FZ3
SL_Pr_PR8_5,Slovenia,Prikrnica,North-Eastern ,R,FZ3
SL_Pr_PR8_6,Slovenia,Prikrnica,North-Eastern ,R,FZ3
SL_Pr_PR8_7,Slovenia,Prikrnica,North-Eastern ,L,FZ3
SL_Pr_PR8_8,Slovenia,Prikrnica,North-Eastern ,L,FZ3
SL_Pr_PR8_9,Slovenia,Prikrnica,North-Eastern ,L,FZ3
SL_Pr_PR9A_1,Slovenia,Prikrnica,North-Eastern ,R,FZ3
SL_Pr_PR9A_10,Slovenia,Prikrnica,North-Eastern ,R,FZ3
SL_Pr_PR9A_11,Slovenia,Prikrnica,North-Eastern ,R,FZ3
SL_Pr_PR9A_12,Slovenia,Prikrnica,North-Eastern ,R,FZ3
SL_Pr_PR9A_13,Slovenia,Prikrnica,North-Eastern ,R,FZ3
SL_Pr_PR9A_14,Slovenia,Prikrnica,North-Eastern ,L,FZ3
SL_Pr_PR9A_15,Slovenia,Prikrnica,North-Eastern ,L,FZ3
SL_Pr_PR9A_16,Slovenia,Prikrnica,North-Eastern ,L,FZ3
SL_Pr_PR9A_17,Slovenia,Prikrnica,North-Eastern ,R,FZ3
SL_Pr_PR9A_18,Slovenia,Prikrnica,North-Eastern ,L,FZ3
SL_Pr_PR9A_19,Slovenia,Prikrnica,North-Eastern ,L,FZ3
SL_Pr_PR9A_2,Slovenia,Prikrnica,North-Eastern ,R,FZ3
SL_Pr_PR9A_20,Slovenia,Prikrnica,North-Eastern ,R,FZ3
SL_Pr_PR9A_21,Slovenia,Prikrnica,North-Eastern ,R,FZ3
SL_Pr_PR9A_22,Slovenia,Prikrnica,North-Eastern ,L,FZ3
SL_Pr_PR9A_3,Slovenia,Prikrnica,North-Eastern ,L,FZ3
SL_Pr_PR9A_4,Slovenia,Prikrnica,North-Eastern ,L,FZ3
SL_Pr_PR9A_5,Slovenia,Prikrnica,North-Eastern ,L,FZ3
SL_Pr_PR9A_6,Slovenia,Prikrnica,North-Eastern ,R,FZ3
SL_Pr_PR9A_7,Slovenia,Prikrnica,North-Eastern ,R,FZ3
SL_Pr_PR9A_8,Slovenia,Prikrnica,North-Eastern ,L,FZ3
SL_Pr_PR9A_9,Slovenia,Prikrnica,North-Eastern ,R,FZ3
SL_Pr_PR9B_1,Slovenia,Prikrnica,North-Eastern ,L,FZ3
SL_Pr_PR9B_2,Slovenia,Prikrnica,North-Eastern ,R,FZ3
SL_Pr_PR9B_3,Slovenia,Prikrnica,North-Eastern ,L,FZ3
SL_Pr_PR9B_4,Slovenia,Prikrnica,North-Eastern ,L,FZ3
SL_Pr_PR9B_5,Slovenia,Prikrnica,North-Eastern ,R,FZ3
SL_Pr_PR9B_6,Slovenia,Prikrnica,North-Eastern ,R,FZ3
SL_Pr_PR9B_7,Slovenia,Prikrnica,North-Eastern ,R,FZ3
SL_Pr_PR9C_1,Slovenia,Prikrnica,North-Eastern ,L,FZ3
SL_Pr_PR9C_10,Slovenia,Prikrnica,North-Eastern ,R,FZ3
SL_Pr_PR9C_11,Slovenia,Prikrnica,North-Eastern ,R,FZ3
SL_Pr_PR9C_12,Slovenia,Prikrnica,North-Eastern ,L,FZ3
SL_Pr_PR9C_13,Slovenia,Prikrnica,North-Eastern ,R,FZ3
SL_Pr_PR9C_14,Slovenia,Prikrnica,North-Eastern ,L,FZ3
SL_Pr_PR9C_15,Slovenia,Prikrnica,North-Eastern ,R,FZ3
SL_Pr_PR9C_16,Slovenia,Prikrnica,North-Eastern ,R,FZ3
SL_Pr_PR9C_17,Slovenia,Prikrnica,North-Eastern ,L,FZ3
SL_Pr_PR9C_18,Slovenia,Prikrnica,North-Eastern ,L,FZ3
SL_Pr_PR9C_19,Slovenia,Prikrnica,North-Eastern ,R,FZ3
SL_Pr_PR9C_2,Slovenia,Prikrnica,North-Eastern ,L,FZ3
SL_Pr_PR9C_20,Slovenia,Prikrnica,North-Eastern ,L,FZ3
SL_Pr_PR9C_21,Slovenia,Prikrnica,North-Eastern ,L,FZ3
SL_Pr_PR9C_22,Slovenia,Prikrnica,North-Eastern ,L,FZ3
SL_Pr_PR9C_23,Slovenia,Prikrnica,North-Eastern ,R,FZ3
SL_Pr_PR9C_24,Slovenia,Prikrnica,North-Eastern ,L,FZ3
SL_Pr_PR9C_25,Slovenia,Prikrnica,North-Eastern ,R,FZ3
SL_Pr_PR9C_26,Slovenia,Prikrnica,North-Eastern ,R,FZ3
SL_Pr_PR9C_27,Slovenia,Prikrnica,North-Eastern ,L,FZ3
SL_Pr_PR9C_28,Slovenia,Prikrnica,North-Eastern ,L,FZ3
SL_Pr_PR9C_29,Slovenia,Prikrnica,North-Eastern ,L,FZ3
SL_Pr_PR9C_3,Slovenia,Prikrnica,North-Eastern ,R,FZ3
SL_Pr_PR9C_30,Slovenia,Prikrnica,North-Eastern ,R,FZ3
SL_Pr_PR9C_31,Slovenia,Prikrnica,North-Eastern ,L,FZ3
SL_Pr_PR9C_32,Slovenia,Prikrnica,North-Eastern ,R,FZ3
SL_Pr_PR9C_33,Slovenia,Prikrnica,North-Eastern ,R,FZ3
SL_Pr_PR9C_34,Slovenia,Prikrnica,North-Eastern ,R,FZ3
SL_Pr_PR9C_35,Slovenia,Prikrnica,North-Eastern ,R,FZ3
SL_Pr_PR9C_36,Slovenia,Prikrnica,North-Eastern ,R,FZ3
SL_Pr_PR9C_4,Slovenia,Prikrnica,North-Eastern ,R,FZ3
SL_Pr_PR9C_5,Slovenia,Prikrnica,North-Eastern ,L,FZ3
SL_Pr_PR9C_6,Slovenia,Prikrnica,North-Eastern ,R,FZ3
SL_Pr_PR9C_7,Slovenia,Prikrnica,North-Eastern ,L,FZ3
SL_Pr_PR9C_8,Slovenia,Prikrnica,North-Eastern ,L,FZ3
SL_Pr_PR9C_9,Slovenia,Prikrnica,North-Eastern ,L,FZ3
SL_Pr_PR9D_1,Slovenia,Prikrnica,North-Eastern ,R,FZ3
SL_Pr_PR9D_2,Slovenia,Prikrnica,North-Eastern ,L,FZ3
SL_Pr_PR9D_3,Slovenia,Prikrnica,North-Eastern ,L,FZ3
SL_Pr_PR9D_4,Slovenia,Prikrnica,North-Eastern ,R,FZ3
SL_Pr_PR9D_5,Slovenia,Prikrnica,North-Eastern ,R,FZ3
SL_Pr_PR9_1,Slovenia,Prikrnica,North-Eastern ,R,FZ3
SL_Pr_PR9_10,Slovenia,Prikrnica,North-Eastern ,L,FZ3
SL_Pr_PR9_2,Slovenia,Prikrnica,North-Eastern ,L,FZ3
SL_Pr_PR9_3,Slovenia,Prikrnica,North-Eastern ,L,FZ3
SL_Pr_PR9_4,Slovenia,Prikrnica,North-Eastern ,R,FZ3
SL_Pr_PR9_5,Slovenia,Prikrnica,North-Eastern ,L,FZ3
SL_Pr_PR9_6,Slovenia,Prikrnica,North-Eastern ,L,FZ3
SL_Pr_PR9_7,Slovenia,Prikrnica,North-Eastern ,L,FZ3
SL_Pr_PR9_8,Slovenia,Prikrnica,North-Eastern ,L,FZ3
SL_Pr_PR9_9,Slovenia,Prikrnica,North-Eastern ,L,FZ3
SL_Pr_PR16_1,Slovenia,Prikrnica,North-Eastern ,L,FZ3
SL_Pr_PR16_2,Slovenia,Prikrnica,North-Eastern ,L,FZ3
SL_Pr_PR16_3,Slovenia,Prikrnica,North-Eastern ,L,FZ3
SL_Pr_PR16_4,Slovenia,Prikrnica,North-Eastern ,L,FZ3
SL_Pr_PR16_5,Slovenia,Prikrnica,North-Eastern ,R,FZ3
SL_Pr_PR16_6,Slovenia,Prikrnica,North-Eastern ,L,FZ3
SL_Pr_PR16_7,Slovenia,Prikrnica,North-Eastern ,L,FZ3
SL_Pr_PR16_8,Slovenia,Prikrnica,North-Eastern ,R,FZ3
SL_Pr_PR17_1,Slovenia,Prikrnica,North-Eastern ,R,FZ3
SL_Pr_PR17_2,Slovenia,Prikrnica,North-Eastern ,L,FZ3
SL_Pr_PR18_1,Slovenia,Prikrnica,North-Eastern ,R,FZ3
SL_Pr_PR18_10,Slovenia,Prikrnica,North-Eastern ,R,FZ3
SL_Pr_PR18_11,Slovenia,Prikrnica,North-Eastern ,R,FZ3
SL_Pr_PR18_2,Slovenia,Prikrnica,North-Eastern ,L,FZ3
SL_Pr_PR18_3,Slovenia,Prikrnica,North-Eastern ,L,FZ3
SL_Pr_PR18_4,Slovenia,Prikrnica,North-Eastern ,L,FZ3
SL_Pr_PR18_6,Slovenia,Prikrnica,North-Eastern ,R,FZ3
SL_Pr_PR18_8,Slovenia,Prikrnica,North-Eastern ,L,FZ3
SL_Pr_PR18_9,Slovenia,Prikrnica,North-Eastern ,R,FZ3
SL_Pr_PR19_1,Slovenia,Prikrnica,North-Eastern ,R,FZ3
SL_Pr_PR19_10,Slovenia,Prikrnica,North-Eastern ,R,FZ3
SL_Pr_PR19_11,Slovenia,Prikrnica,North-Eastern ,R,FZ3
SL_Pr_PR19_12,Slovenia,Prikrnica,North-Eastern ,R,FZ3
SL_Pr_PR19_13,Slovenia,Prikrnica,North-Eastern ,R,FZ3
SL_Pr_PR19_14,Slovenia,Prikrnica,North-Eastern ,L,FZ3
SL_Pr_PR19_16,Slovenia,Prikrnica,North-Eastern ,R,FZ3
SL_Pr_PR19_18,Slovenia,Prikrnica,North-Eastern ,R,FZ3
SL_Pr_PR19_2,Slovenia,Prikrnica,North-Eastern ,R,FZ3
SL_Pr_PR19_20,Slovenia,Prikrnica,North-Eastern ,R,FZ3
SL_Pr_PR19_21,Slovenia,Prikrnica,North-Eastern ,R,FZ3
SL_Pr_PR19_22,Slovenia,Prikrnica,North-Eastern ,L,FZ3
SL_Pr_PR19_23,Slovenia,Prikrnica,North-Eastern ,R,FZ3
SL_Pr_PR19_25,Slovenia,Prikrnica,North-Eastern ,L,FZ3
SL_Pr_PR19_4,Slovenia,Prikrnica,North-Eastern ,R,FZ3
SL_Pr_PR19_5,Slovenia,Prikrnica,North-Eastern ,L,FZ3
SL_Pr_PR19_8,Slovenia,Prikrnica,North-Eastern ,L,FZ3
SL_Pr_PR19_9,Slovenia,Prikrnica,North-Eastern ,L,FZ3
SL_Pr_PR21_1,Slovenia,Prikrnica,North-Eastern ,L,FZ3
SL_Pr_PR21_10,Slovenia,Prikrnica,North-Eastern ,L,FZ3
SL_Pr_PR21_11,Slovenia,Prikrnica,North-Eastern ,R,FZ3
SL_Pr_PR21_12,Slovenia,Prikrnica,North-Eastern ,L,FZ3
SL_Pr_PR21_2,Slovenia,Prikrnica,North-Eastern ,L,FZ3
SL_Pr_PR21_4,Slovenia,Prikrnica,North-Eastern ,R,FZ3
SL_Pr_PR21_5,Slovenia,Prikrnica,North-Eastern ,R,FZ3
SL_Pr_PR21_6,Slovenia,Prikrnica,North-Eastern ,L,FZ3
SL_Pr_PR21_7,Slovenia,Prikrnica,North-Eastern ,R,FZ3
SL_Pr_PR21_8,Slovenia,Prikrnica,North-Eastern ,R,FZ3
SL_Pr_PR21_9,Slovenia,Prikrnica,North-Eastern ,R,FZ3
SL_Pr_PR22_1,Slovenia,Prikrnica,North-Eastern ,R,FZ3
SL_Pr_PR22_10,Slovenia,Prikrnica,North-Eastern ,R,FZ3
SL_Pr_PR22_11,Slovenia,Prikrnica,North-Eastern ,R,FZ3
SL_Pr_PR22_12,Slovenia,Prikrnica,North-Eastern ,L,FZ3
SL_Pr_PR22_13,Slovenia,Prikrnica,North-Eastern ,R,FZ3
SL_Pr_PR22_14,Slovenia,Prikrnica,North-Eastern ,R,FZ3
SL_Pr_PR22_15,Slovenia,Prikrnica,North-Eastern ,L,FZ3
SL_Pr_PR22_17,Slovenia,Prikrnica,North-Eastern ,R,FZ3
SL_Pr_PR22_18,Slovenia,Prikrnica,North-Eastern ,L,FZ3
SL_Pr_PR22_19,Slovenia,Prikrnica,North-Eastern ,R,FZ3
SL_Pr_PR22_2,Slovenia,Prikrnica,North-Eastern ,R,FZ3
SL_Pr_PR22_20,Slovenia,Prikrnica,North-Eastern ,R,FZ3
SL_Pr_PR22_21,Slovenia,Prikrnica,North-Eastern ,L,FZ3
SL_Pr_PR22_22,Slovenia,Prikrnica,North-Eastern ,R,FZ3
SL_Pr_PR22_23,Slovenia,Prikrnica,North-Eastern ,L,FZ3
SL_Pr_PR22_24,Slovenia,Prikrnica,North-Eastern ,L,FZ3
SL_Pr_PR22_25,Slovenia,Prikrnica,North-Eastern ,L,FZ3
SL_Pr_PR22_26,Slovenia,Prikrnica,North-Eastern ,L,FZ3
SL_Pr_PR22_27,Slovenia,Prikrnica,North-Eastern ,L,FZ3
SL_Pr_PR22_28,Slovenia,Prikrnica,North-Eastern ,R,FZ3
SL_Pr_PR22_29,Slovenia,Prikrnica,North-Eastern ,L,FZ3
SL_Pr_PR22_3,Slovenia,Prikrnica,North-Eastern ,R,FZ3
SL_Pr_PR22_30,Slovenia,Prikrnica,North-Eastern ,L,FZ3
SL_Pr_PR22_31,Slovenia,Prikrnica,North-Eastern ,L,FZ3
SL_Pr_PR22_32,Slovenia,Prikrnica,North-Eastern ,R,FZ3
SL_Pr_PR22_33,Slovenia,Prikrnica,North-Eastern ,L,FZ3
SL_Pr_PR22_34,Slovenia,Prikrnica,North-Eastern ,R,FZ3
SL_Pr_PR22_35,Slovenia,Prikrnica,North-Eastern ,R,FZ3
SL_Pr_PR22_36,Slovenia,Prikrnica,North-Eastern ,L,FZ3
SL_Pr_PR22_37,Slovenia,Prikrnica,North-Eastern ,R,FZ3
SL_Pr_PR22_38,Slovenia,Prikrnica,North-Eastern ,R,FZ3
SL_Pr_PR22_39,Slovenia,Prikrnica,North-Eastern ,L,FZ3
SL_Pr_PR22_4,Slovenia,Prikrnica,North-Eastern ,L,FZ3
SL_Pr_PR22_40,Slovenia,Prikrnica,North-Eastern ,L,FZ3
SL_Pr_PR22_6,Slovenia,Prikrnica,North-Eastern ,R,FZ3
SL_Pr_PR22_7,Slovenia,Prikrnica,North-Eastern ,L,FZ3
SL_Pr_PR22_8,Slovenia,Prikrnica,North-Eastern ,L,FZ3
SL_Pr_PR22_9,Slovenia,Prikrnica,North-Eastern ,L,FZ3
SL_Pr_PR23_1,Slovenia,Prikrnica,North-Eastern ,R,FZ3
SL_Pr_PR23_10,Slovenia,Prikrnica,North-Eastern ,L,FZ3
SL_Pr_PR23_12,Slovenia,Prikrnica,North-Eastern ,L,FZ3
SL_Pr_PR23_13,Slovenia,Prikrnica,North-Eastern ,L,FZ3
SL_Pr_PR23_14,Slovenia,Prikrnica,North-Eastern ,L,FZ3
SL_Pr_PR23_15,Slovenia,Prikrnica,North-Eastern ,L,FZ3
SL_Pr_PR23_16,Slovenia,Prikrnica,North-Eastern ,R,FZ3
SL_Pr_PR23_17,Slovenia,Prikrnica,North-Eastern ,R,FZ3
SL_Pr_PR23_2,Slovenia,Prikrnica,North-Eastern ,L,FZ3
SL_Pr_PR23_3,Slovenia,Prikrnica,North-Eastern ,L,FZ3
SL_Pr_PR23_4,Slovenia,Prikrnica,North-Eastern ,R,FZ3
SL_Pr_PR23_6,Slovenia,Prikrnica,North-Eastern ,L,FZ3
SL_Pr_PR23_7,Slovenia,Prikrnica,North-Eastern ,L,FZ3
SL_Pr_PR23_8,Slovenia,Prikrnica,North-Eastern ,R,FZ3
SL_Pr_PR23_9,Slovenia,Prikrnica,North-Eastern ,L,FZ3
SL_Pr_PR24_1,Slovenia,Prikrnica,North-Eastern ,R,FZ3
SL_Pr_PR24_2,Slovenia,Prikrnica,North-Eastern ,R,FZ3
SL_Pr_PR24_4,Slovenia,Prikrnica,North-Eastern ,L,FZ3
SL_Pr_PR24_7,Slovenia,Prikrnica,North-Eastern ,R,FZ3
SL_Pr_PR22_41,Slovenia,Prikrnica,North-Eastern ,L,FZ3
SL_Pr_PR22_42,Slovenia,Prikrnica,North-Eastern ,L,FZ3
SL_Pr_PR22_43,Slovenia,Prikrnica,North-Eastern ,L,FZ3
SL_Pr_PR23_18,Slovenia,Prikrnica,North-Eastern ,R,FZ3
SL_Pr_PR24_10,Slovenia,Prikrnica,North-Eastern ,L,FZ3
SL_Pr_PR24_11,Slovenia,Prikrnica,North-Eastern ,L,FZ3
SL_Pr_PR24_12,Slovenia,Prikrnica,North-Eastern ,R,FZ3
SL_Pr_PR24_13,Slovenia,Prikrnica,North-Eastern ,R,FZ3
SL_Pr_PR24_14,Slovenia,Prikrnica,North-Eastern ,R,FZ3
SL_Pr_PR24_18,Slovenia,Prikrnica,North-Eastern ,R,FZ3
SL_Pr_PR24_19,Slovenia,Prikrnica,North-Eastern ,L,FZ3
SP_He_HE-14_1,Spain,Henarejos,Western,R,FZ8
SP_He_HE-14_10,Spain,Henarejos,Western,L,FZ8
SP_He_HE-14_11,Spain,Henarejos,Western,L,FZ8
SP_He_HE-14_12,Spain,Henarejos,Western,R,FZ8
SP_He_HE-14_13,Spain,Henarejos,Western,R,FZ8
SP_He_HE-14_14,Spain,Henarejos,Western,R,FZ8
SP_He_HE-14_15,Spain,Henarejos,Western,R,FZ8
SP_He_HE-14_2,Spain,Henarejos,Western,L,FZ8
SP_He_HE-14_3,Spain,Henarejos,Western,L,FZ8
SP_He_HE-14_5,Spain,Henarejos,Western,L,FZ8
SP_He_HE-14_6,Spain,Henarejos,Western,R,FZ8
SP_He_HE-14_7,Spain,Henarejos,Western,R,FZ8
SP_He_HE-14_9,Spain,Henarejos,Western,R,FZ8
SP_He_HE-18_1,Spain,Henarejos,Western,L,FZ8
SP_He_HE-18_10,Spain,Henarejos,Western,R,FZ8
SP_He_HE-18_12,Spain,Henarejos,Western,L,FZ8
SP_He_HE-18_13,Spain,Henarejos,Western,R,FZ8
SP_He_HE-18_17,Spain,Henarejos,Western,L,FZ8
SP_He_HE-18_19,Spain,Henarejos,Western,R,FZ8
SP_He_HE-18_2,Spain,Henarejos,Western,L,FZ8
SP_He_HE-18_20,Spain,Henarejos,Western,L,FZ8
SP_He_HE-18_21,Spain,Henarejos,Western,L,FZ8
SP_He_HE-18_22,Spain,Henarejos,Western,L,FZ8
SP_He_HE-18_23,Spain,Henarejos,Western,R,FZ8
SP_He_HE-18_24,Spain,Henarejos,Western,R,FZ8
SP_He_HE-18_25,Spain,Henarejos,Western,L,FZ8
SP_He_HE-18_26,Spain,Henarejos,Western,R,FZ8
SP_He_HE-18_27,Spain,Henarejos,Western,L,FZ8
SP_He_HE-18_28,Spain,Henarejos,Western,L,FZ8
SP_He_HE-18_3,Spain,Henarejos,Western,L,FZ8
SP_He_HE-18_30,Spain,Henarejos,Western,R,FZ8
SP_He_HE-18_34,Spain,Henarejos,Western,L,FZ8
SP_He_HE-18_5,Spain,Henarejos,Western,R,FZ8
SP_He_HE-18_6,Spain,Henarejos,Western,R,FZ8
SP_He_HE-18_7,Spain,Henarejos,Western,R,FZ8
SP_He_HE-18_9,Spain,Henarejos,Western,L,FZ8
SP_He_HE-20_1,Spain,Henarejos,Western,R,FZ8
SP_Li_LI-8_1,Spain,Libros,Western,R,FZ8
SP_Li_LI-8_10,Spain,Libros,Western,L,FZ8
SP_Li_LI-8_100,Spain,Libros,Western,L,FZ8
SP_Li_LI-8_101,Spain,Libros,Western,R,FZ8
SP_Li_LI-8_102,Spain,Libros,Western,R,FZ8
SP_Li_LI-8_104,Spain,Libros,Western,L,FZ8
SP_Li_LI-8_11,Spain,Libros,Western,L,FZ8
SP_Li_LI-8_12,Spain,Libros,Western,L,FZ8
SP_Li_LI-8_13,Spain,Libros,Western,L,FZ8
SP_Li_LI-8_14,Spain,Libros,Western,L,FZ8
SP_Li_LI-8_15,Spain,Libros,Western,L,FZ8
SP_Li_LI-8_16,Spain,Libros,Western,L,FZ8
SP_Li_LI-8_17,Spain,Libros,Western,L,FZ8
SP_Li_LI-8_18,Spain,Libros,Western,R,FZ8
SP_Li_LI-8_19,Spain,Libros,Western,L,FZ8
SP_Li_LI-8_2,Spain,Libros,Western,L,FZ8
SP_Li_LI-8_20,Spain,Libros,Western,L,FZ8
SP_Li_LI-8_21,Spain,Libros,Western,L,FZ8
SP_Li_LI-8_22,Spain,Libros,Western,L,FZ8
SP_Li_LI-8_23,Spain,Libros,Western,R,FZ8
SP_Li_LI-8_24,Spain,Libros,Western,L,FZ8
SP_Li_LI-8_25,Spain,Libros,Western,L,FZ8
SP_Li_LI-8_26,Spain,Libros,Western,L,FZ8
SP_Li_LI-8_27,Spain,Libros,Western,R,FZ8
SP_Li_LI-8_28,Spain,Libros,Western,R,FZ8
SP_Li_LI-8_3,Spain,Libros,Western,L,FZ8
SP_Li_LI-8_30,Spain,Libros,Western,L,FZ8
SP_Li_LI-8_32,Spain,Libros,Western,R,FZ8
SP_Li_LI-8_33,Spain,Libros,Western,L,FZ8
SP_Li_LI-8_34,Spain,Libros,Western,L,FZ8
SP_Li_LI-8_35,Spain,Libros,Western,L,FZ8
SP_Li_LI-8_36,Spain,Libros,Western,R,FZ8
SP_Li_LI-8_37,Spain,Libros,Western,R,FZ8
SP_Li_LI-8_38,Spain,Libros,Western,R,FZ8
SP_Li_LI-8_39,Spain,Libros,Western,L,FZ8
SP_Li_LI-8_40,Spain,Libros,Western,R,FZ8
SP_Li_LI-8_41,Spain,Libros,Western,L,FZ8
SP_Li_LI-8_42,Spain,Libros,Western,R,FZ8
SP_Li_LI-8_43,Spain,Libros,Western,L,FZ8
SP_Li_LI-8_44,Spain,Libros,Western,L,FZ8
SP_Li_LI-8_45,Spain,Libros,Western,L,FZ8
SP_Li_LI-8_46,Spain,Libros,Western,L,FZ8
SP_Li_LI-8_47,Spain,Libros,Western,L,FZ8
SP_Li_LI-8_48,Spain,Libros,Western,L,FZ8
SP_Li_LI-8_49,Spain,Libros,Western,R,FZ8
SP_Li_LI-8_5,Spain,Libros,Western,R,FZ8
SP_Li_LI-8_50,Spain,Libros,Western,R,FZ8
SP_Li_LI-8_51,Spain,Libros,Western,R,FZ8
SP_Li_LI-8_52,Spain,Libros,Western,L,FZ8
SP_Li_LI-8_53,Spain,Libros,Western,R,FZ8
SP_Li_LI-8_54,Spain,Libros,Western,R,FZ8
SP_Li_LI-8_55,Spain,Libros,Western,R,FZ8
SP_Li_LI-8_56,Spain,Libros,Western,R,FZ8
SP_Li_LI-8_57,Spain,Libros,Western,R,FZ8
SP_Li_LI-8_58,Spain,Libros,Western,L,FZ8
SP_Li_LI-8_59,Spain,Libros,Western,L,FZ8
SP_Li_LI-8_6,Spain,Libros,Western,L,FZ8
SP_Li_LI-8_60,Spain,Libros,Western,L,FZ8
SP_Li_LI-8_61,Spain,Libros,Western,L,FZ8
SP_Li_LI-8_62,Spain,Libros,Western,R,FZ8
SP_Li_LI-8_63,Spain,Libros,Western,R,FZ8
SP_Li_LI-8_64,Spain,Libros,Western,L,FZ8
SP_Li_LI-8_65,Spain,Libros,Western,L,FZ8
SP_Li_LI-8_66,Spain,Libros,Western,R,FZ8
SP_Li_LI-8_67,Spain,Libros,Western,L,FZ8
SP_Li_LI-8_68,Spain,Libros,Western,L,FZ8
SP_Li_LI-8_69,Spain,Libros,Western,L,FZ8
SP_Li_LI-8_7,Spain,Libros,Western,L,FZ8
SP_Li_LI-8_70,Spain,Libros,Western,L,FZ8
SP_Li_LI-8_71,Spain,Libros,Western,R,FZ8
SP_Li_LI-8_72,Spain,Libros,Western,L,FZ8
SP_Li_LI-8_73,Spain,Libros,Western,R,FZ8
SP_Li_LI-8_74,Spain,Libros,Western,L,FZ8
SP_Li_LI-8_75,Spain,Libros,Western,R,FZ8
SP_Li_LI-8_76,Spain,Libros,Western,L,FZ8
SP_Li_LI-8_77,Spain,Libros,Western,R,FZ8
SP_Li_LI-8_79,Spain,Libros,Western,L,FZ8
SP_Li_LI-8_8,Spain,Libros,Western,L,FZ8
SP_Li_LI-8_80,Spain,Libros,Western,L,FZ8
SP_Li_LI-8_81,Spain,Libros,Western,R,FZ8
SP_Li_LI-8_82,Spain,Libros,Western,L,FZ8
SP_Li_LI-8_83,Spain,Libros,Western,R,FZ8
SP_Li_LI-8_84,Spain,Libros,Western,R,FZ8
SP_Li_LI-8_85,Spain,Libros,Western,R,FZ8
SP_Li_LI-8_86,Spain,Libros,Western,L,FZ8
SP_Li_LI-8_87,Spain,Libros,Western,L,FZ8
SP_Li_LI-8_89,Spain,Libros,Western,R,FZ8
SP_Li_LI-8_9,Spain,Libros,Western,R,FZ8
SP_Li_LI-8_90,Spain,Libros,Western,L,FZ8
SP_Li_LI-8_91,Spain,Libros,Western,L,FZ8
SP_Li_LI-8_92,Spain,Libros,Western,R,FZ8
SP_Li_LI-8_94,Spain,Libros,Western,L,FZ8
SP_Li_LI-8_95,Spain,Libros,Western,L,FZ8
SP_Li_LI-8_96,Spain,Libros,Western,L,FZ8
SP_Li_LI-8_97,Spain,Libros,Western,R,FZ8
SP_Li_LI-8_98,Spain,Libros,Western,R,FZ8
SP_Li_LI-8_99,Spain,Libros,Western,R,FZ8
SP_Bu_BU-I-26_1,Spain,Bugarra,Western,R,FZ8
SP_Bu_BU-I-26_10,Spain,Bugarra,Western,L,FZ8
SP_Bu_BU-I-26_100,Spain,Bugarra,Western,R,FZ8
SP_Bu_BU-I-26_101,Spain,Bugarra,Western,L,FZ8
SP_Bu_BU-I-26_102,Spain,Bugarra,Western,L,FZ8
SP_Bu_BU-I-26_103,Spain,Bugarra,Western,L,FZ8
SP_Bu_BU-I-26_105,Spain,Bugarra,Western,R,FZ8
SP_Bu_BU-I-26_106,Spain,Bugarra,Western,R,FZ8
SP_Bu_BU-I-26_107,Spain,Bugarra,Western,R,FZ8
SP_Bu_BU-I-26_108,Spain,Bugarra,Western,R,FZ8
SP_Bu_BU-I-26_109,Spain,Bugarra,Western,L,FZ8
SP_Bu_BU-I-26_11,Spain,Bugarra,Western,R,FZ8
SP_Bu_BU-I-26_110,Spain,Bugarra,Western,L,FZ8
SP_Bu_BU-I-26_111,Spain,Bugarra,Western,L,FZ8
SP_Bu_BU-I-26_113,Spain,Bugarra,Western,L,FZ8
SP_Bu_BU-I-26_114,Spain,Bugarra,Western,R,FZ8
SP_Bu_BU-I-26_115,Spain,Bugarra,Western,R,FZ8
SP_Bu_BU-I-26_116,Spain,Bugarra,Western,R,FZ8
SP_Bu_BU-I-26_117,Spain,Bugarra,Western,R,FZ8
SP_Bu_BU-I-26_118,Spain,Bugarra,Western,L,FZ8
SP_Bu_BU-I-26_119,Spain,Bugarra,Western,R,FZ8
SP_Bu_BU-I-26_12,Spain,Bugarra,Western,R,FZ8
SP_Bu_BU-I-26_121,Spain,Bugarra,Western,L,FZ8
SP_Bu_BU-I-26_122,Spain,Bugarra,Western,R,FZ8
SP_Bu_BU-I-26_123,Spain,Bugarra,Western,L,FZ8
SP_Bu_BU-I-26_124,Spain,Bugarra,Western,R,FZ8
SP_Bu_BU-I-26_125,Spain,Bugarra,Western,L,FZ8
SP_Bu_BU-I-26_126,Spain,Bugarra,Western,L,FZ8
SP_Bu_BU-I-26_127,Spain,Bugarra,Western,L,FZ8
SP_Bu_BU-I-26_128,Spain,Bugarra,Western,L,FZ8
SP_Bu_BU-I-26_129,Spain,Bugarra,Western,R,FZ8
SP_Bu_BU-I-26_13,Spain,Bugarra,Western,R,FZ8
SP_Bu_BU-I-26_130,Spain,Bugarra,Western,R,FZ8
SP_Bu_BU-I-26_131,Spain,Bugarra,Western,R,FZ8
SP_Bu_BU-I-26_132,Spain,Bugarra,Western,R,FZ8
SP_Bu_BU-I-26_133,Spain,Bugarra,Western,L,FZ8
SP_Bu_BU-I-26_134,Spain,Bugarra,Western,R,FZ8
SP_Bu_BU-I-26_135,Spain,Bugarra,Western,L,FZ8
SP_Bu_BU-I-26_136,Spain,Bugarra,Western,R,FZ8
SP_Bu_BU-I-26_137,Spain,Bugarra,Western,L,FZ8
SP_Bu_BU-I-26_138,Spain,Bugarra,Western,R,FZ8
SP_Bu_BU-I-26_139,Spain,Bugarra,Western,R,FZ8
SP_Bu_BU-I-26_14,Spain,Bugarra,Western,R,FZ8
SP_Bu_BU-I-26_140,Spain,Bugarra,Western,L,FZ8
SP_Bu_BU-I-26_141,Spain,Bugarra,Western,R,FZ8
SP_Bu_BU-I-26_142,Spain,Bugarra,Western,R,FZ8
SP_Bu_BU-I-26_143,Spain,Bugarra,Western,R,FZ8
SP_Bu_BU-I-26_144,Spain,Bugarra,Western,L,FZ8
SP_Bu_BU-I-26_145,Spain,Bugarra,Western,L,FZ8
SP_Bu_BU-I-26_146,Spain,Bugarra,Western,R,FZ8
SP_Bu_BU-I-26_147,Spain,Bugarra,Western,R,FZ8
SP_Bu_BU-I-26_148,Spain,Bugarra,Western,R,FZ8
SP_Bu_BU-I-26_149,Spain,Bugarra,Western,R,FZ8
SP_Bu_BU-I-26_15,Spain,Bugarra,Western,R,FZ8
SP_Bu_BU-I-26_150,Spain,Bugarra,Western,L,FZ8
SP_Bu_BU-I-26_151,Spain,Bugarra,Western,L,FZ8
SP_Bu_BU-I-26_152,Spain,Bugarra,Western,L,FZ8
SP_Bu_BU-I-26_153,Spain,Bugarra,Western,R,FZ8
SP_Bu_BU-I-26_154,Spain,Bugarra,Western,R,FZ8
SP_Bu_BU-I-26_155,Spain,Bugarra,Western,L,FZ8
SP_Bu_BU-I-26_156,Spain,Bugarra,Western,L,FZ8
SP_Bu_BU-I-26_157,Spain,Bugarra,Western,L,FZ8
SP_Bu_BU-I-26_158,Spain,Bugarra,Western,R,FZ8
SP_Bu_BU-I-26_159,Spain,Bugarra,Western,L,FZ8
SP_Bu_BU-I-26_16,Spain,Bugarra,Western,L,FZ8
SP_Bu_BU-I-26_160,Spain,Bugarra,Western,L,FZ8
SP_Bu_BU-I-26_161,Spain,Bugarra,Western,L,FZ8
SP_Bu_BU-I-26_162,Spain,Bugarra,Western,R,FZ8
SP_Bu_BU-I-26_163,Spain,Bugarra,Western,R,FZ8
SP_Bu_BU-I-26_164,Spain,Bugarra,Western,L,FZ8
SP_Bu_BU-I-26_165,Spain,Bugarra,Western,R,FZ8
SP_Bu_BU-I-26_166,Spain,Bugarra,Western,R,FZ8
SP_Bu_BU-I-26_167,Spain,Bugarra,Western,R,FZ8
SP_Bu_BU-I-26_168,Spain,Bugarra,Western,L,FZ8
SP_Bu_BU-I-26_169,Spain,Bugarra,Western,R,FZ8
SP_Bu_BU-I-26_17,Spain,Bugarra,Western,L,FZ8
SP_Bu_BU-I-26_170,Spain,Bugarra,Western,R,FZ8
SP_Bu_BU-I-26_171,Spain,Bugarra,Western,L,FZ8
SP_Bu_BU-I-26_172,Spain,Bugarra,Western,L,FZ8
SP_Bu_BU-I-26_173,Spain,Bugarra,Western,R,FZ8
SP_Bu_BU-I-26_174,Spain,Bugarra,Western,R,FZ8
SP_Bu_BU-I-26_175,Spain,Bugarra,Western,R,FZ8
SP_Bu_BU-I-26_176,Spain,Bugarra,Western,L,FZ8
SP_Bu_BU-I-26_177,Spain,Bugarra,Western,R,FZ8
SP_Bu_BU-I-26_178,Spain,Bugarra,Western,R,FZ8
SP_Bu_BU-I-26_179,Spain,Bugarra,Western,L,FZ8
SP_Bu_BU-I-26_18,Spain,Bugarra,Western,L,FZ8
SP_Bu_BU-I-26_180,Spain,Bugarra,Western,L,FZ8
SP_Bu_BU-I-26_181,Spain,Bugarra,Western,R,FZ8
SP_Bu_BU-I-26_182,Spain,Bugarra,Western,L,FZ8
SP_Bu_BU-I-26_183,Spain,Bugarra,Western,L,FZ8
SP_Bu_BU-I-26_184,Spain,Bugarra,Western,L,FZ8
SP_Bu_BU-I-26_185,Spain,Bugarra,Western,L,FZ8
SP_Bu_BU-I-26_186,Spain,Bugarra,Western,R,FZ8
SP_Bu_BU-I-26_187,Spain,Bugarra,Western,L,FZ8
SP_Bu_BU-I-26_188,Spain,Bugarra,Western,R,FZ8
SP_Bu_BU-I-26_189,Spain,Bugarra,Western,R,FZ8
SP_Bu_BU-I-26_19,Spain,Bugarra,Western,L,FZ8
SP_Bu_BU-I-26_190,Spain,Bugarra,Western,L,FZ8
SP_Bu_BU-I-26_191,Spain,Bugarra,Western,R,FZ8
SP_Bu_BU-I-26_192,Spain,Bugarra,Western,L,FZ8
SP_Bu_BU-I-26_193,Spain,Bugarra,Western,R,FZ8
SP_Bu_BU-I-26_194,Spain,Bugarra,Western,R,FZ8
SP_Bu_BU-I-26_195,Spain,Bugarra,Western,R,FZ8
SP_Bu_BU-I-26_196,Spain,Bugarra,Western,L,FZ8
SP_Bu_BU-I-26_197,Spain,Bugarra,Western,L,FZ8
SP_Bu_BU-I-26_198,Spain,Bugarra,Western,L,FZ8
SP_Bu_BU-I-26_199,Spain,Bugarra,Western,R,FZ8
SP_Bu_BU-I-26_2,Spain,Bugarra,Western,L,FZ8
SP_Bu_BU-I-26_20,Spain,Bugarra,Western,L,FZ8
SP_Bu_BU-I-26_200,Spain,Bugarra,Western,R,FZ8
SP_Bu_BU-I-26_201,Spain,Bugarra,Western,L,FZ8
SP_Bu_BU-I-26_202,Spain,Bugarra,Western,R,FZ8
SP_Bu_BU-I-26_203,Spain,Bugarra,Western,R,FZ8
SP_Bu_BU-I-26_204,Spain,Bugarra,Western,L,FZ8
SP_Bu_BU-I-26_205,Spain,Bugarra,Western,L,FZ8
SP_Bu_BU-I-26_206,Spain,Bugarra,Western,L,FZ8
SP_Bu_BU-I-26_207,Spain,Bugarra,Western,R,FZ8
SP_Bu_BU-I-26_208,Spain,Bugarra,Western,L,FZ8
SP_Bu_BU-I-26_209,Spain,Bugarra,Western,R,FZ8
SP_Bu_BU-I-26_21,Spain,Bugarra,Western,L,FZ8
SP_Bu_BU-I-26_210,Spain,Bugarra,Western,L,FZ8
SP_Bu_BU-I-26_211,Spain,Bugarra,Western,L,FZ8
SP_Bu_BU-I-26_212,Spain,Bugarra,Western,L,FZ8
SP_Bu_BU-I-26_213,Spain,Bugarra,Western,L,FZ8
SP_Bu_BU-I-26_214,Spain,Bugarra,Western,R,FZ8
SP_Bu_BU-I-26_215,Spain,Bugarra,Western,L,FZ8
SP_Bu_BU-I-26_216,Spain,Bugarra,Western,R,FZ8
SP_Bu_BU-I-26_217,Spain,Bugarra,Western,R,FZ8
SP_Bu_BU-I-26_218,Spain,Bugarra,Western,R,FZ8
SP_Bu_BU-I-26_219,Spain,Bugarra,Western,R,FZ8
SP_Bu_BU-I-26_22,Spain,Bugarra,Western,R,FZ8
SP_Bu_BU-I-26_220,Spain,Bugarra,Western,R,FZ8
SP_Bu_BU-I-26_221,Spain,Bugarra,Western,R,FZ8
SP_Bu_BU-I-26_222,Spain,Bugarra,Western,L,FZ8
SP_Bu_BU-I-26_223,Spain,Bugarra,Western,L,FZ8
SP_Bu_BU-I-26_224,Spain,Bugarra,Western,R,FZ8
SP_Bu_BU-I-26_225,Spain,Bugarra,Western,R,FZ8
SP_Bu_BU-I-26_226,Spain,Bugarra,Western,L,FZ8
SP_Bu_BU-I-26_227,Spain,Bugarra,Western,L,FZ8
SP_Bu_BU-I-26_228,Spain,Bugarra,Western,L,FZ8
SP_Bu_BU-I-26_229,Spain,Bugarra,Western,L,FZ8
SP_Bu_BU-I-26_23,Spain,Bugarra,Western,R,FZ8
SP_Bu_BU-I-26_230,Spain,Bugarra,Western,R,FZ8
SP_Bu_BU-I-26_231,Spain,Bugarra,Western,L,FZ8
SP_Bu_BU-I-26_232,Spain,Bugarra,Western,L,FZ8
SP_Bu_BU-I-26_233,Spain,Bugarra,Western,L,FZ8
SP_Bu_BU-I-26_234,Spain,Bugarra,Western,R,FZ8
SP_Bu_BU-I-26_235,Spain,Bugarra,Western,R,FZ8
SP_Bu_BU-I-26_236,Spain,Bugarra,Western,L,FZ8
SP_Bu_BU-I-26_237,Spain,Bugarra,Western,R,FZ8
SP_Bu_BU-I-26_238,Spain,Bugarra,Western,R,FZ8
SP_Bu_BU-I-26_239,Spain,Bugarra,Western,L,FZ8
SP_Bu_BU-I-26_24,Spain,Bugarra,Western,L,FZ8
SP_Bu_BU-I-26_240,Spain,Bugarra,Western,R,FZ8
SP_Bu_BU-I-26_241,Spain,Bugarra,Western,R,FZ8
SP_Bu_BU-I-26_242,Spain,Bugarra,Western,L,FZ8
SP_Bu_BU-I-26_243,Spain,Bugarra,Western,R,FZ8
SP_Bu_BU-I-26_244,Spain,Bugarra,Western,R,FZ8
SP_Bu_BU-I-26_245,Spain,Bugarra,Western,R,FZ8
SP_Bu_BU-I-26_246,Spain,Bugarra,Western,R,FZ8
SP_Bu_BU-I-26_247,Spain,Bugarra,Western,R,FZ8
SP_Bu_BU-I-26_248,Spain,Bugarra,Western,L,FZ8
SP_Bu_BU-I-26_249,Spain,Bugarra,Western,R,FZ8
SP_Bu_BU-I-26_25,Spain,Bugarra,Western,L,FZ8
SP_Bu_BU-I-26_250,Spain,Bugarra,Western,R,FZ8
SP_Bu_BU-I-26_251,Spain,Bugarra,Western,R,FZ8
SP_Bu_BU-I-26_252,Spain,Bugarra,Western,L,FZ8
SP_Bu_BU-I-26_253,Spain,Bugarra,Western,R,FZ8
SP_Bu_BU-I-26_254,Spain,Bugarra,Western,L,FZ8
SP_Bu_BU-I-26_256,Spain,Bugarra,Western,R,FZ8
SP_Bu_BU-I-26_257,Spain,Bugarra,Western,R,FZ8
SP_Bu_BU-I-26_258,Spain,Bugarra,Western,L,FZ8
SP_Bu_BU-I-26_259,Spain,Bugarra,Western,L,FZ8
SP_Bu_BU-I-26_26,Spain,Bugarra,Western,L,FZ8
SP_Bu_BU-I-26_260,Spain,Bugarra,Western,R,FZ8
SP_Bu_BU-I-26_261,Spain,Bugarra,Western,R,FZ8
SP_Bu_BU-I-26_262,Spain,Bugarra,Western,L,FZ8
SP_Bu_BU-I-26_263,Spain,Bugarra,Western,L,FZ8
SP_Bu_BU-I-26_264,Spain,Bugarra,Western,L,FZ8
SP_Bu_BU-I-26_265,Spain,Bugarra,Western,L,FZ8
SP_Bu_BU-I-26_266,Spain,Bugarra,Western,L,FZ8
SP_Bu_BU-I-26_267,Spain,Bugarra,Western,L,FZ8
SP_Bu_BU-I-26_268,Spain,Bugarra,Western,L,FZ8
SP_Bu_BU-I-26_269,Spain,Bugarra,Western,L,FZ8
SP_Bu_BU-I-26_27,Spain,Bugarra,Western,L,FZ8
SP_Bu_BU-I-26_271,Spain,Bugarra,Western,R,FZ8
SP_Bu_BU-I-26_272,Spain,Bugarra,Western,L,FZ8
SP_Bu_BU-I-26_273,Spain,Bugarra,Western,R,FZ8
SP_Bu_BU-I-26_274,Spain,Bugarra,Western,R,FZ8
SP_Bu_BU-I-26_275,Spain,Bugarra,Western,R,FZ8
SP_Bu_BU-I-26_276,Spain,Bugarra,Western,R,FZ8
SP_Bu_BU-I-26_277,Spain,Bugarra,Western,R,FZ8
SP_Bu_BU-I-26_278,Spain,Bugarra,Western,L,FZ8
SP_Bu_BU-I-26_279,Spain,Bugarra,Western,L,FZ8
SP_Bu_BU-I-26_28,Spain,Bugarra,Western,R,FZ8
SP_Bu_BU-I-26_280,Spain,Bugarra,Western,L,FZ8
SP_Bu_BU-I-26_281,Spain,Bugarra,Western,L,FZ8
SP_Bu_BU-I-26_282,Spain,Bugarra,Western,R,FZ8
SP_Bu_BU-I-26_283,Spain,Bugarra,Western,L,FZ8
SP_Bu_BU-I-26_284,Spain,Bugarra,Western,R,FZ8
SP_Bu_BU-I-26_285,Spain,Bugarra,Western,R,FZ8
SP_Bu_BU-I-26_286,Spain,Bugarra,Western,R,FZ8
SP_Bu_BU-I-26_287,Spain,Bugarra,Western,L,FZ8
SP_Bu_BU-I-26_288,Spain,Bugarra,Western,L,FZ8
SP_Bu_BU-I-26_289,Spain,Bugarra,Western,R,FZ8
SP_Bu_BU-I-26_29,Spain,Bugarra,Western,R,FZ8
SP_Bu_BU-I-26_290,Spain,Bugarra,Western,R,FZ8
SP_Bu_BU-I-26_291,Spain,Bugarra,Western,L,FZ8
SP_Bu_BU-I-26_292,Spain,Bugarra,Western,R,FZ8
SP_Bu_BU-I-26_293,Spain,Bugarra,Western,L,FZ8
SP_Bu_BU-I-26_294,Spain,Bugarra,Western,L,FZ8
SP_Bu_BU-I-26_295,Spain,Bugarra,Western,L,FZ8
SP_Bu_BU-I-26_296,Spain,Bugarra,Western,R,FZ8
SP_Bu_BU-I-26_297,Spain,Bugarra,Western,R,FZ8
SP_Bu_BU-I-26_298,Spain,Bugarra,Western,L,FZ8
SP_Bu_BU-I-26_299,Spain,Bugarra,Western,L,FZ8
SP_Bu_BU-I-26_3,Spain,Bugarra,Western,L,FZ8
SP_Bu_BU-I-26_30,Spain,Bugarra,Western,L,FZ8
SP_Bu_BU-I-26_31,Spain,Bugarra,Western,L,FZ8
SP_Bu_BU-I-26_32,Spain,Bugarra,Western,L,FZ8
SP_Bu_BU-I-26_33,Spain,Bugarra,Western,L,FZ8
SP_Bu_BU-I-26_34,Spain,Bugarra,Western,L,FZ8
SP_Bu_BU-I-26_35,Spain,Bugarra,Western,L,FZ8
SP_Bu_BU-I-26_37,Spain,Bugarra,Western,L,FZ8
SP_Bu_BU-I-26_38,Spain,Bugarra,Western,L,FZ8
SP_Bu_BU-I-26_39,Spain,Bugarra,Western,L,FZ8
SP_Bu_BU-I-26_4,Spain,Bugarra,Western,L,FZ8
SP_Bu_BU-I-26_40,Spain,Bugarra,Western,L,FZ8
SP_Bu_BU-I-26_41,Spain,Bugarra,Western,L,FZ8
SP_Bu_BU-I-26_42,Spain,Bugarra,Western,L,FZ8
SP_Bu_BU-I-26_43,Spain,Bugarra,Western,L,FZ8
SP_Bu_BU-I-26_44,Spain,Bugarra,Western,L,FZ8
SP_Bu_BU-I-26_45,Spain,Bugarra,Western,L,FZ8
SP_Bu_BU-I-26_46,Spain,Bugarra,Western,L,FZ8
SP_Bu_BU-I-26_47,Spain,Bugarra,Western,R,FZ8
SP_Bu_BU-I-26_48,Spain,Bugarra,Western,R,FZ8
SP_Bu_BU-I-26_49,Spain,Bugarra,Western,L,FZ8
SP_Bu_BU-I-26_5,Spain,Bugarra,Western,R,FZ8
SP_Bu_BU-I-26_50,Spain,Bugarra,Western,L,FZ8
SP_Bu_BU-I-26_51,Spain,Bugarra,Western,L,FZ8
SP_Bu_BU-I-26_52,Spain,Bugarra,Western,L,FZ8
SP_Bu_BU-I-26_53,Spain,Bugarra,Western,R,FZ8
SP_Bu_BU-I-26_54,Spain,Bugarra,Western,L,FZ8
SP_Bu_BU-I-26_55,Spain,Bugarra,Western,R,FZ8
SP_Bu_BU-I-26_56,Spain,Bugarra,Western,L,FZ8
SP_Bu_BU-I-26_57,Spain,Bugarra,Western,R,FZ8
SP_Bu_BU-I-26_58,Spain,Bugarra,Western,R,FZ8
SP_Bu_BU-I-26_6,Spain,Bugarra,Western,R,FZ8
SP_Bu_BU-I-26_60,Spain,Bugarra,Western,L,FZ8
SP_Bu_BU-I-26_61,Spain,Bugarra,Western,R,FZ8
SP_Bu_BU-I-26_63,Spain,Bugarra,Western,L,FZ8
SP_Bu_BU-I-26_64,Spain,Bugarra,Western,L,FZ8
SP_Bu_BU-I-26_65,Spain,Bugarra,Western,L,FZ8
SP_Bu_BU-I-26_66,Spain,Bugarra,Western,L,FZ8
SP_Bu_BU-I-26_67,Spain,Bugarra,Western,L,FZ8
SP_Bu_BU-I-26_68,Spain,Bugarra,Western,R,FZ8
SP_Bu_BU-I-26_69,Spain,Bugarra,Western,R,FZ8
SP_Bu_BU-I-26_7,Spain,Bugarra,Western,L,FZ8
SP_Bu_BU-I-26_70,Spain,Bugarra,Western,L,FZ8
SP_Bu_BU-I-26_71,Spain,Bugarra,Western,L,FZ8
SP_Bu_BU-I-26_72,Spain,Bugarra,Western,R,FZ8
SP_Bu_BU-I-26_74,Spain,Bugarra,Western,L,FZ8
SP_Bu_BU-I-26_75,Spain,Bugarra,Western,R,FZ8
SP_Bu_BU-I-26_77,Spain,Bugarra,Western,L,FZ8
SP_Bu_BU-I-26_78,Spain,Bugarra,Western,L,FZ8
SP_Bu_BU-I-26_79,Spain,Bugarra,Western,R,FZ8
SP_Bu_BU-I-26_8,Spain,Bugarra,Western,R,FZ8
SP_Bu_BU-I-26_80,Spain,Bugarra,Western,R,FZ8
SP_Bu_BU-I-26_81,Spain,Bugarra,Western,R,FZ8
SP_Bu_BU-I-26_83,Spain,Bugarra,Western,L,FZ8
SP_Bu_BU-I-26_84,Spain,Bugarra,Western,L,FZ8
SP_Bu_BU-I-26_85,Spain,Bugarra,Western,L,FZ8
SP_Bu_BU-I-26_86,Spain,Bugarra,Western,L,FZ8
SP_Bu_BU-I-26_87,Spain,Bugarra,Western,R,FZ8
SP_Bu_BU-I-26_88,Spain,Bugarra,Western,L,FZ8
SP_Bu_BU-I-26_89,Spain,Bugarra,Western,R,FZ8
SP_Bu_BU-I-26_9,Spain,Bugarra,Western,L,FZ8
SP_Bu_BU-I-26_90,Spain,Bugarra,Western,L,FZ8
SP_Bu_BU-I-26_91,Spain,Bugarra,Western,R,FZ8
SP_Bu_BU-I-26_93,Spain,Bugarra,Western,R,FZ8
SP_Bu_BU-I-26_94,Spain,Bugarra,Western,R,FZ8
SP_Bu_BU-I-26_95,Spain,Bugarra,Western,R,FZ8
SP_Bu_BU-I-26_96,Spain,Bugarra,Western,R,FZ8
SP_Bu_BU-I-26_98,Spain,Bugarra,Western,R,FZ8
SP_Bu_BU-I-26_99,Spain,Bugarra,Western,L,FZ8
SP_Bu_BU-pl_1,Spain,Bugarra,Western,L,FZ8
SP_Bu_BU-pl_2,Spain,Bugarra,Western,L,FZ8
SP_Bu_BU-pl_3,Spain,Bugarra,Western,L,FZ8
SP_Bu_BU-pl_4,Spain,Bugarra,Western,L,FZ8
SP_Bu_BU-pl_5,Spain,Bugarra,Western,R,FZ8
SP_Bu_BU-pl_6,Spain,Bugarra,Western,L,FZ8
