Comparing length,,,
Kruskal-Walli's rank sum test,Chi-squared,Df.,p-value
By part of Sephardic province,13.203,1,0.0002795
Dunn test,Z,P.unadj,P.adj
North-Eastern - Western,-3.633615,0.0002794782,0.0002794782
,,,
Kruskal-Walli's rank sum test,Chi-squared,Df.,p-value
By Country,14.335,2, 0.0007714
Dunn test,Z,P.unadj,P.adj
Bosnia and Herzegovina - Slovenia,-1.063683,0.2874723509,0.862417053
Bosnia and Herzegovina - Spain,-2.108157,0.0350174277,0.105052283
Slovenia - Spain,-3.397389,0.0006803214,0.002040964
,,,
Kruskal-Walli's rank sum test,Chi-squared,Df.,p-value
By FZ,33.392,2,5.61e-08
Dunn test,Z,P.unadj,P.adj
FZ3 - FZ7,-5.305861,1.121424e-07,3.364271e-07
FZ3 - FZ8,-3.046013,2.318980e-03,6.956940e-03
FZ7 - FZ8,1.141257,4.493238,7.014846e-06,2.104454e-05
,,,
Kruskal-Walli's rank sum test,Chi-squared,Df.,p-value
By sections,49.398,5,1.84e-09
Dunn test,MeanDifference,p-values
Bugarra - Calasparra,-4.431112,0.0001
Bugarra - Drežnica,1.944897,0.3884
Calasparra - Drežnica,4.726713,0.0000
Bugarra - Henarejos,3.063729,0.0164
Calasparra - Henarejos,5.584496,0.0000
Drežnica - Henarejos,0.085170,1.0000
Bugarra - Libros,-1.730899,0.6260 
Calasparra - Libros,3.490166,0.0036
Drežnica - Libros,-2.645298,0.0612
Henarejos - Libros,-3.851787,0.0009
Bugarra - Prikrnica,2.636083,0.0629
Calasparra - Prikrnica,5.250228,0.0000
Drežnica - Prikrnica,-1.063682,1.0000
Henarejos - Prikrnica,-1.753925,0.5958 
Libros - Prikrnica,3.593704,0.0024
