"ID","Length","Denticles","Three_phase_assignment"
"BAH_DR_DR-2_1",249.962856089085,6,"Phase 1: early juvenile"
"BAH_DR_DR-2_2",300.821698841633,7,"Phase 2: late juvenile / subadult"
"BAH_DR_DR-2_3",312.452331797167,7,"Phase 2: late juvenile / subadult"
"BAH_DR_DR-3_1",339.213483197868,7,"Phase 2: late juvenile / subadult"
"BAH_DR_DR-3_2",363.825593669606,8,"Phase 2: late juvenile / subadult"
"BAH_DR_DR-3_3",370.537991514502,8,"Phase 2: late juvenile / subadult"
"BAH_DR_DR-3_4",339.125580383058,9,"Phase 2: late juvenile / subadult"
"BAH_DR_DR-4_1",295.80278283576,7,"Phase 1: early juvenile"
"BAH_DR_DR-4_2",520.551775087023,11,"Phase 2: late juvenile / subadult"
"BAH_DR_DR-4_3",589.889128722498,11,"Phase 3: likely adult"
"BAH_DR_DR-4_4",550.279371838923,11,"Phase 3: likely adult"
"BAH_DR_DR-4_5",582.651710419305,11,"Phase 3: likely adult"
"BAH_DR_DR-4_6",404.6902892397,10,"Phase 2: late juvenile / subadult"
"BAH_DR_DR-5_1",325.052236652679,8,"Phase 2: late juvenile / subadult"
"BAH_DR_DR-6_1",368.586430891988,7,"Phase 2: late juvenile / subadult"
"BAH_DR_DR-7_1",264.429058373726,8,"Phase 1: early juvenile"
"BAH_DR_DR-9_1",288.023544721879,6,"Phase 1: early juvenile"
"BAH_DR_DR-9_2",357.162810972708,7,"Phase 2: late juvenile / subadult"
"BAH_DR_DR-9_3",342.433458129427,7,"Phase 2: late juvenile / subadult"
"BAH_DR_DR-9_4",335.437428822169,7,"Phase 2: late juvenile / subadult"
"SL_PR_PR16_1",365.779502610736,7,"Phase 2: late juvenile / subadult"
"SL_PR_PR16_2",294.762537240249,8,"Phase 1: early juvenile"
"SL_PR_PR16_3",351.207049515447,8,"Phase 2: late juvenile / subadult"
"SL_PR_PR16_4",313.077746547168,7,"Phase 2: late juvenile / subadult"
"SL_PR_PR16_5",313.658444413982,7,"Phase 2: late juvenile / subadult"
"SL_PR_PR16_6",344.015686516302,7,"Phase 2: late juvenile / subadult"
"SL_PR_PR16_7",326.416014504736,8,"Phase 2: late juvenile / subadult"
"SL_PR_PR16_8",340.130467813435,8,"Phase 2: late juvenile / subadult"
"SL_PR_PR17_1",341.746526882931,7,"Phase 2: late juvenile / subadult"
"SL_PR_PR17_2",389.370386917418,8,"Phase 2: late juvenile / subadult"
"SL_PR_PR17_3",264.263927057215,5,"Phase 1: early juvenile"
"SL_PR_PR18_1",385.131325365162,7,"Phase 2: late juvenile / subadult"
"SL_PR_PR18_10",443.652805740392,7,"Phase 2: late juvenile / subadult"
"SL_PR_PR18_11",369.678832219759,8,"Phase 2: late juvenile / subadult"
"SL_PR_PR18_2",300.00297464946,7,"Phase 2: late juvenile / subadult"
"SL_PR_PR18_3",365.27654541834,7,"Phase 2: late juvenile / subadult"
"SL_PR_PR18_4",321.441303385621,7,"Phase 2: late juvenile / subadult"
"SL_PR_PR18_5",276.68229727176,6,"Phase 1: early juvenile"
"SL_PR_PR18_6",358.670083574712,8,"Phase 2: late juvenile / subadult"
"SL_PR_PR18_7",280.759226270146,7,"Phase 1: early juvenile"
"SL_PR_PR18_8",300.812974793058,7,"Phase 2: late juvenile / subadult"
"SL_PR_PR18_9",302.924902995783,6,"Phase 2: late juvenile / subadult"
"SL_PR_PR19_1",327.395525141742,7,"Phase 2: late juvenile / subadult"
"SL_PR_PR19_10",297.864173475498,8,"Phase 2: late juvenile / subadult"
"SL_PR_PR19_11",390.554527165145,7,"Phase 2: late juvenile / subadult"
"SL_PR_PR19_12",366.084715581937,7,"Phase 2: late juvenile / subadult"
"SL_PR_PR19_13",321.106271172858,6,"Phase 2: late juvenile / subadult"
"SL_PR_PR19_15",274.162963845852,6,"Phase 1: early juvenile"
"SL_PR_PR19_16",291.689209021854,7,"Phase 1: early juvenile"
"SL_PR_PR19_17",286.971337128846,6,"Phase 1: early juvenile"
"SL_PR_PR19_18",376.950358564274,7,"Phase 2: late juvenile / subadult"
"SL_PR_PR19_19",274.762316647524,6,"Phase 1: early juvenile"
"SL_PR_PR19_2",304.739132991704,7,"Phase 2: late juvenile / subadult"
"SL_PR_PR19_20",353.990005075292,6,"Phase 2: late juvenile / subadult"
"SL_PR_PR19_21",371.671474001279,7,"Phase 2: late juvenile / subadult"
"SL_PR_PR19_22",318.437209707353,7,"Phase 2: late juvenile / subadult"
"SL_PR_PR19_23",397.623912450097,6,"Phase 2: late juvenile / subadult"
"SL_PR_PR19_24",276.480409477298,7,"Phase 1: early juvenile"
"SL_PR_PR19_25",356.749967640404,8,"Phase 2: late juvenile / subadult"
"SL_PR_PR19_3",284.032834872764,6,"Phase 1: early juvenile"
"SL_PR_PR19_4",351.641173529052,6,"Phase 2: late juvenile / subadult"
"SL_PR_PR19_5",381.596780699081,8,"Phase 2: late juvenile / subadult"
"SL_PR_PR19_6",260.971096148188,6,"Phase 1: early juvenile"
"SL_PR_PR19_7",285.500869548726,6,"Phase 1: early juvenile"
"SL_PR_PR19_8",293.014560241736,7,"Phase 1: early juvenile"
"SL_PR_PR19_9",303.972632681364,8,"Phase 2: late juvenile / subadult"
"SL_PR_PR21_1",334.38367878796,8,"Phase 2: late juvenile / subadult"
"SL_PR_PR21_10",299.452384190553,6,"Phase 2: late juvenile / subadult"
"SL_PR_PR21_11",413.142102763532,9,"Phase 2: late juvenile / subadult"
"SL_PR_PR21_2",359.187628074671,6,"Phase 2: late juvenile / subadult"
"SL_PR_PR21_3",277.143707098641,5,"Phase 1: early juvenile"
"SL_PR_PR21_4",405.185793470653,8,"Phase 2: late juvenile / subadult"
"SL_PR_PR21_5",315.581447739403,7,"Phase 2: late juvenile / subadult"
"SL_PR_PR21_6",425.160704110775,9,"Phase 2: late juvenile / subadult"
"SL_PR_PR21_7",396.527656458998,8,"Phase 2: late juvenile / subadult"
"SL_PR_PR21_8",380.413475274313,7,"Phase 2: late juvenile / subadult"
"SL_PR_PR21_9",356.162198661286,7,"Phase 2: late juvenile / subadult"
"SL_PR_PR4_1",392.287701099121,8,"Phase 2: late juvenile / subadult"
"SL_PR_PR4_2",402.697440981955,8,"Phase 2: late juvenile / subadult"
"SL_PR_PR4_3",423.834784749164,8,"Phase 2: late juvenile / subadult"
"SL_PR_PR5_1",342.90429242934,9,"Phase 2: late juvenile / subadult"
"SL_PR_PR5_10",360.27167647494,7,"Phase 2: late juvenile / subadult"
"SL_PR_PR5_11",341.41902765081,7,"Phase 2: late juvenile / subadult"
"SL_PR_PR5_12",322.781320673247,6,"Phase 2: late juvenile / subadult"
"SL_PR_PR5_2",391.928565836016,9,"Phase 2: late juvenile / subadult"
"SL_PR_PR5_3",398.217096976959,6,"Phase 2: late juvenile / subadult"
"SL_PR_PR5_4",446.725007378504,9,"Phase 2: late juvenile / subadult"
"SL_PR_PR5_5",304.916099035873,7,"Phase 2: late juvenile / subadult"
"SL_PR_PR5_6",401.586334944342,8,"Phase 2: late juvenile / subadult"
"SL_PR_PR5_7",432.872370921164,9,"Phase 2: late juvenile / subadult"
"SL_PR_PR5_8",308.356014105358,7,"Phase 2: late juvenile / subadult"
"SL_PR_PR5_9",374.547647781517,6,"Phase 2: late juvenile / subadult"
"SL_PR_PR6_1",369.529881342413,8,"Phase 2: late juvenile / subadult"
"SL_PR_PR6_2",296.426328621819,7,"Phase 1: early juvenile"
"SL_PR_PR6_3",290.206781170822,7,"Phase 1: early juvenile"
"SL_PR_PR6_4",443.870845384491,8,"Phase 2: late juvenile / subadult"
"SL_PR_PR6_5",368.765874171283,8,"Phase 2: late juvenile / subadult"
"SL_PR_PR6_6",329.154961703661,6,"Phase 2: late juvenile / subadult"
"SL_PR_PR7_1",328.833412730175,6,"Phase 2: late juvenile / subadult"
"SL_PR_PR7_10",430.089737179545,9,"Phase 2: late juvenile / subadult"
"SL_PR_PR7_11",489.414016371667,9,"Phase 2: late juvenile / subadult"
"SL_PR_PR7_12",506.914189912079,11,"Phase 2: late juvenile / subadult"
"SL_PR_PR7_13",400.677884004148,9,"Phase 2: late juvenile / subadult"
"SL_PR_PR7_14",491.582,10,"Phase 2: late juvenile / subadult"
"SL_PR_PR7_15",545.195764420071,8,"Phase 3: likely adult"
"SL_PR_PR7_16",320.260979757623,7,"Phase 2: late juvenile / subadult"
"SL_PR_PR7_17",633.657540459433,9,"Phase 3: likely adult"
"SL_PR_PR7_2",250.211628903986,7,"Phase 1: early juvenile"
"SL_PR_PR7_3",363.884988,8,"Phase 2: late juvenile / subadult"
"SL_PR_PR7_4",349.397581294508,7,"Phase 2: late juvenile / subadult"
"SL_PR_PR7_5",284.455013858894,8,"Phase 1: early juvenile"
"SL_PR_PR7_6",514.859900930683,8,"Phase 2: late juvenile / subadult"
"SL_PR_PR7_7",302.425317843616,8,"Phase 2: late juvenile / subadult"
"SL_PR_PR7_8",447.171323218553,7,"Phase 2: late juvenile / subadult"
"SL_PR_PR7_9",483.510277778893,8,"Phase 2: late juvenile / subadult"
"SL_PR_PR8A_1",465.653563345788,7,"Phase 2: late juvenile / subadult"
"SL_PR_PR8A_10",411.012137068686,9,"Phase 2: late juvenile / subadult"
"SL_PR_PR8A_11",539.705798292929,9,"Phase 3: likely adult"
"SL_PR_PR8A_12",451.916301605535,10,"Phase 2: late juvenile / subadult"
"SL_PR_PR8A_13",302.233875389046,7,"Phase 2: late juvenile / subadult"
"SL_PR_PR8A_14",394.689325595529,7,"Phase 2: late juvenile / subadult"
"SL_PR_PR8A_15",419.166205711852,8,"Phase 2: late juvenile / subadult"
"SL_PR_PR8A_2",382.148276428752,8,"Phase 2: late juvenile / subadult"
"SL_PR_PR8A_3",394.451996300314,8,"Phase 2: late juvenile / subadult"
"SL_PR_PR8A_4",362.087527843704,9,"Phase 2: late juvenile / subadult"
"SL_PR_PR8A_5",476.580225675272,10,"Phase 2: late juvenile / subadult"
"SL_PR_PR8A_6",473.61899778354,7,"Phase 2: late juvenile / subadult"
"SL_PR_PR8A_7",385.095740379423,8,"Phase 2: late juvenile / subadult"
"SL_PR_PR8A_8",331.156723311749,9,"Phase 2: late juvenile / subadult"
"SL_PR_PR8A_9",308.521947390718,8,"Phase 2: late juvenile / subadult"
"SL_PR_PR8B_1",351.92451121561,8,"Phase 2: late juvenile / subadult"
"SL_PR_PR8B_10",392.285644593583,6,"Phase 2: late juvenile / subadult"
"SL_PR_PR8B_11",446.355413861325,9,"Phase 2: late juvenile / subadult"
"SL_PR_PR8B_12",366.06928710998,8,"Phase 2: late juvenile / subadult"
"SL_PR_PR8B_13",476.9390484169,7,"Phase 2: late juvenile / subadult"
"SL_PR_PR8B_14",428.25100791621,9,"Phase 2: late juvenile / subadult"
"SL_PR_PR8B_15",518.3154022692,9,"Phase 2: late juvenile / subadult"
"SL_PR_PR8B_16",338.455921744178,7,"Phase 2: late juvenile / subadult"
"SL_PR_PR8B_17",315.991928758883,7,"Phase 2: late juvenile / subadult"
"SL_PR_PR8B_18",392.789964729044,9,"Phase 2: late juvenile / subadult"
"SL_PR_PR8B_2",564.618864703999,9,"Phase 3: likely adult"
"SL_PR_PR8B_3",383.880413350598,7,"Phase 2: late juvenile / subadult"
"SL_PR_PR8B_4",360.585093442479,9,"Phase 2: late juvenile / subadult"
"SL_PR_PR8B_5",315.824825702601,7,"Phase 2: late juvenile / subadult"
"SL_PR_PR8B_6",349.184691791929,6,"Phase 2: late juvenile / subadult"
"SL_PR_PR8B_7",420.469494304971,7,"Phase 2: late juvenile / subadult"
"SL_PR_PR8B_8",456.150626825765,10,"Phase 2: late juvenile / subadult"
"SL_PR_PR8B_9",454.101339472543,9,"Phase 2: late juvenile / subadult"
"SL_PR_PR8C_1",504.431089049653,10,"Phase 2: late juvenile / subadult"
"SL_PR_PR8C_10",586.131616513609,12,"Phase 3: likely adult"
"SL_PR_PR8C_11",469.971457470614,10,"Phase 2: late juvenile / subadult"
"SL_PR_PR8C_12",474.850059298931,9,"Phase 2: late juvenile / subadult"
"SL_PR_PR8C_13",413.91606624003,8,"Phase 2: late juvenile / subadult"
"SL_PR_PR8C_2",558.737833070958,8,"Phase 3: likely adult"
"SL_PR_PR8C_3",522.508546275221,10,"Phase 2: late juvenile / subadult"
"SL_PR_PR8C_4",423.852241163159,7,"Phase 2: late juvenile / subadult"
"SL_PR_PR8C_5",357.267451036405,6,"Phase 2: late juvenile / subadult"
"SL_PR_PR8C_6",475.623290468178,9,"Phase 2: late juvenile / subadult"
"SL_PR_PR8C_7",408.507968401137,7,"Phase 2: late juvenile / subadult"
"SL_PR_PR8C_8",488.231949242871,8,"Phase 2: late juvenile / subadult"
"SL_PR_PR8C_9",372.989794789285,8,"Phase 2: late juvenile / subadult"
"SL_PR_PR8D_1",434.625688598178,9,"Phase 2: late juvenile / subadult"
"SL_PR_PR8D_10",304.484482115343,6,"Phase 2: late juvenile / subadult"
"SL_PR_PR8D_11",371.861248912487,7,"Phase 2: late juvenile / subadult"
"SL_PR_PR8D_2",369.957199941194,6,"Phase 2: late juvenile / subadult"
"SL_PR_PR8D_3",479.82708502944,9,"Phase 2: late juvenile / subadult"
"SL_PR_PR8D_4",441.019255234549,7,"Phase 2: late juvenile / subadult"
"SL_PR_PR8D_5",459.574050275323,9,"Phase 2: late juvenile / subadult"
"SL_PR_PR8D_6",406.547168438789,8,"Phase 2: late juvenile / subadult"
"SL_PR_PR8D_7",415.929173269763,8,"Phase 2: late juvenile / subadult"
"SL_PR_PR8D_8",396.825125933499,6,"Phase 2: late juvenile / subadult"
"SL_PR_PR8D_9",502.860094029459,9,"Phase 2: late juvenile / subadult"
"SL_PR_PR8_1",337.373989395849,7,"Phase 2: late juvenile / subadult"
"SL_PR_PR8_2",583.042573890015,9,"Phase 3: likely adult"
"SL_PR_PR8_3",385.241815278753,9,"Phase 2: late juvenile / subadult"
"SL_PR_PR8_4",377.88784728795,7,"Phase 2: late juvenile / subadult"
"SL_PR_PR8_5",437.386946562853,7,"Phase 2: late juvenile / subadult"
"SL_PR_PR8_6",465.69147837573,9,"Phase 2: late juvenile / subadult"
"SL_PR_PR8_7",397.99752236581,8,"Phase 2: late juvenile / subadult"
"SL_PR_PR8_8",472.634337062606,9,"Phase 2: late juvenile / subadult"
"SL_PR_PR8_9",391.593753278106,9,"Phase 2: late juvenile / subadult"
"SL_PR_PR9A_1",363.050611471813,7,"Phase 2: late juvenile / subadult"
"SL_PR_PR9A_10",602.421441465191,10,"Phase 3: likely adult"
"SL_PR_PR9A_11",425.273372888407,8,"Phase 2: late juvenile / subadult"
"SL_PR_PR9A_12",399.31214170202,7,"Phase 2: late juvenile / subadult"
"SL_PR_PR9A_13",447.961831612633,8,"Phase 2: late juvenile / subadult"
"SL_PR_PR9A_14",477.877595813293,9,"Phase 2: late juvenile / subadult"
"SL_PR_PR9A_15",480.150000758997,8,"Phase 2: late juvenile / subadult"
"SL_PR_PR9A_16",365.478623158668,7,"Phase 2: late juvenile / subadult"
"SL_PR_PR9A_17",473.931178563641,8,"Phase 2: late juvenile / subadult"
"SL_PR_PR9A_18",605.870019758009,8,"Phase 3: likely adult"
"SL_PR_PR9A_19",562.264380448347,9,"Phase 3: likely adult"
"SL_PR_PR9A_2",397.195010589677,8,"Phase 2: late juvenile / subadult"
"SL_PR_PR9A_20",449.2394229998,9,"Phase 2: late juvenile / subadult"
"SL_PR_PR9A_21",329.877217568567,7,"Phase 2: late juvenile / subadult"
"SL_PR_PR9A_22",391.753186907662,8,"Phase 2: late juvenile / subadult"
"SL_PR_PR9A_3",404.67144897974,8,"Phase 2: late juvenile / subadult"
"SL_PR_PR9A_4",543.784940880277,8,"Phase 3: likely adult"
"SL_PR_PR9A_5",504.034822861643,7,"Phase 2: late juvenile / subadult"
"SL_PR_PR9A_6",427.097789103897,8,"Phase 2: late juvenile / subadult"
"SL_PR_PR9A_7",531.546500546501,9,"Phase 2: late juvenile / subadult"
"SL_PR_PR9A_8",404.569011103366,8,"Phase 2: late juvenile / subadult"
"SL_PR_PR9A_9",383.516225941453,7,"Phase 2: late juvenile / subadult"
"SL_PR_PR9B_1",304.726159860339,8,"Phase 2: late juvenile / subadult"
"SL_PR_PR9B_2",318.495018902104,10,"Phase 2: late juvenile / subadult"
"SL_PR_PR9B_3",383.383155231769,5,"Phase 2: late juvenile / subadult"
"SL_PR_PR9B_4",479.218410887347,8,"Phase 2: late juvenile / subadult"
"SL_PR_PR9B_5",484.407298920348,8,"Phase 2: late juvenile / subadult"
"SL_PR_PR9B_6",426.016555014401,7,"Phase 2: late juvenile / subadult"
"SL_PR_PR9B_7",359.126432,7,"Phase 2: late juvenile / subadult"
"SL_PR_PR9C_1",341.389056530859,7,"Phase 2: late juvenile / subadult"
"SL_PR_PR9C_10",429.692820117169,9,"Phase 2: late juvenile / subadult"
"SL_PR_PR9C_11",357.137968909622,8,"Phase 2: late juvenile / subadult"
"SL_PR_PR9C_12",341.476460440896,8,"Phase 2: late juvenile / subadult"
"SL_PR_PR9C_13",458.799488102337,9,"Phase 2: late juvenile / subadult"
"SL_PR_PR9C_14",391.759124609851,10,"Phase 2: late juvenile / subadult"
"SL_PR_PR9C_15",483.82002829603,8,"Phase 2: late juvenile / subadult"
"SL_PR_PR9C_16",303.294235897035,8,"Phase 2: late juvenile / subadult"
"SL_PR_PR9C_17",302.393753597608,9,"Phase 2: late juvenile / subadult"
"SL_PR_PR9C_18",316.563875148118,8,"Phase 2: late juvenile / subadult"
"SL_PR_PR9C_19",335.136974960083,7,"Phase 2: late juvenile / subadult"
"SL_PR_PR9C_2",317.768227530888,8,"Phase 2: late juvenile / subadult"
"SL_PR_PR9C_20",310.769370321364,7,"Phase 2: late juvenile / subadult"
"SL_PR_PR9C_21",407.495592506265,8,"Phase 2: late juvenile / subadult"
"SL_PR_PR9C_22",452.162338984417,8,"Phase 2: late juvenile / subadult"
"SL_PR_PR9C_23",370.420475413498,8,"Phase 2: late juvenile / subadult"
"SL_PR_PR9C_24",437.76356773807,8,"Phase 2: late juvenile / subadult"
"SL_PR_PR9C_25",468.139470612907,10,"Phase 2: late juvenile / subadult"
"SL_PR_PR9C_26",400.278157678476,8,"Phase 2: late juvenile / subadult"
"SL_PR_PR9C_27",376.070312922544,7,"Phase 2: late juvenile / subadult"
"SL_PR_PR9C_28",352.601915651192,8,"Phase 2: late juvenile / subadult"
"SL_PR_PR9C_29",382.654981757276,8,"Phase 2: late juvenile / subadult"
"SL_PR_PR9C_3",376.982538442411,8,"Phase 2: late juvenile / subadult"
"SL_PR_PR9C_4",376.288905089224,7,"Phase 2: late juvenile / subadult"
"SL_PR_PR9C_5",382.763894507999,8,"Phase 2: late juvenile / subadult"
"SL_PR_PR9C_6",447.374128756501,7,"Phase 2: late juvenile / subadult"
"SL_PR_PR9C_7",387.777131297931,9,"Phase 2: late juvenile / subadult"
"SL_PR_PR9C_8",429.61721091275,10,"Phase 2: late juvenile / subadult"
"SL_PR_PR9C_9",474.829540907865,9,"Phase 2: late juvenile / subadult"
"SL_PR_PR9_1",432.389483437275,8,"Phase 2: late juvenile / subadult"
"SL_PR_PR9_10",358.161504751436,8,"Phase 2: late juvenile / subadult"
"SL_PR_PR9_2",296.882642551011,8,"Phase 1: early juvenile"
"SL_PR_PR9_3",330.29436684812,8,"Phase 2: late juvenile / subadult"
"SL_PR_PR9_4",332.048099763374,8,"Phase 2: late juvenile / subadult"
"SL_PR_PR9_5",439.318943196051,8,"Phase 2: late juvenile / subadult"
"SL_PR_PR9_6",365.154369655281,8,"Phase 2: late juvenile / subadult"
"SL_PR_PR9_7",404.851605018146,8,"Phase 2: late juvenile / subadult"
"SL_PR_PR9_8",363.345471880404,9,"Phase 2: late juvenile / subadult"
"SL_PR_PR9_9",424.996072937257,9,"Phase 2: late juvenile / subadult"
"SP_HE_HE-14_1",381.823158968005,8,"Phase 2: late juvenile / subadult"
"SP_HE_HE-14_12",546.355462909904,8,"Phase 3: likely adult"
"SP_HE_HE-14_13",459.186441721513,7,"Phase 2: late juvenile / subadult"
"SP_HE_HE-14_14",505.936876689823,8,"Phase 2: late juvenile / subadult"
"SP_HE_HE-14_15",437.26649922452,8,"Phase 2: late juvenile / subadult"
"SP_HE_HE-14_2",420.38065684576,7,"Phase 2: late juvenile / subadult"
"SP_HE_HE-14_3",541.398135483971,8,"Phase 3: likely adult"
"SP_HE_HE-14_5",754.995277212206,10,"Phase 3: likely adult"
"SP_HE_HE-14_6",368.619163612022,7,"Phase 2: late juvenile / subadult"
"SP_HE_HE-14_8",252.783641936763,5,"Phase 1: early juvenile"
"SP_HE_HE-14_9",299.018525811502,6,"Phase 2: late juvenile / subadult"
"SP_HE_HE-18_11",269.313478312683,5,"Phase 1: early juvenile"
"SP_HE_HE-18_12",444.124036142182,11,"Phase 2: late juvenile / subadult"
"SP_HE_HE-18_13",348.711870915113,7,"Phase 2: late juvenile / subadult"
"SP_HE_HE-18_14",210.734593876397,5,"Phase 1: early juvenile"
"SP_HE_HE-18_15",256.221886316659,5,"Phase 1: early juvenile"
"SP_HE_HE-18_16",263.658146123514,6,"Phase 1: early juvenile"
"SP_HE_HE-18_17",357.404349514374,6,"Phase 2: late juvenile / subadult"
"SP_HE_HE-18_18",290.492747974635,5,"Phase 1: early juvenile"
"SP_HE_HE-18_19",407.744357278425,8,"Phase 2: late juvenile / subadult"
"SP_HE_HE-18_20",398.727840591797,7,"Phase 2: late juvenile / subadult"
"SP_HE_HE-18_21",355.887079527255,8,"Phase 2: late juvenile / subadult"
"SP_HE_HE-18_22",308.408504502239,6,"Phase 2: late juvenile / subadult"
"SP_HE_HE-18_23",323.284359704338,7,"Phase 2: late juvenile / subadult"
"SP_HE_HE-18_24",327.398986941007,7,"Phase 2: late juvenile / subadult"
"SP_HE_HE-18_25",299.377971697694,7,"Phase 2: late juvenile / subadult"
"SP_HE_HE-18_26",327.39768308241,6,"Phase 2: late juvenile / subadult"
"SP_HE_HE-18_27",338.206061273158,8,"Phase 2: late juvenile / subadult"
"SP_HE_HE-18_28",301.571026908568,7,"Phase 2: late juvenile / subadult"
"SP_HE_HE-18_29",272.622612905283,6,"Phase 1: early juvenile"
"SP_HE_HE-18_3",362.887899336651,6,"Phase 2: late juvenile / subadult"
"SP_HE_HE-18_30",332.810877827414,8,"Phase 2: late juvenile / subadult"
"SP_HE_HE-18_31",232.130000992071,5,"Phase 1: early juvenile"
"SP_HE_HE-18_32",267.430083330246,5,"Phase 1: early juvenile"
"SP_HE_HE-18_33",254.541493629865,6,"Phase 1: early juvenile"
"SP_HE_HE-18_34",353.26398181903,6,"Phase 2: late juvenile / subadult"
"SP_HE_HE-18_4",198.08819945063,5,"Phase 1: early juvenile"
"SP_HE_HE-18_6",349.295042965234,7,"Phase 2: late juvenile / subadult"
"SP_HE_HE-20_1",518.952030438857,9,"Phase 2: late juvenile / subadult"
"SP_LI_LI-8_1",372.014925635247,7,"Phase 2: late juvenile / subadult"
"SP_LI_LI-8_10",533.338998217316,10,"Phase 3: likely adult"
"SP_LI_LI-8_100",452.960268153655,7,"Phase 2: late juvenile / subadult"
"SP_LI_LI-8_101",487.606730972903,8,"Phase 2: late juvenile / subadult"
"SP_LI_LI-8_102",420.146504515467,8,"Phase 2: late juvenile / subadult"
"SP_LI_LI-8_103",229.041085587437,5,"Phase 1: early juvenile"
"SP_LI_LI-8_104",299.405594945067,6,"Phase 2: late juvenile / subadult"
"SP_LI_LI-8_12",366.844211220222,7,"Phase 2: late juvenile / subadult"
"SP_LI_LI-8_13",375.384169416844,7,"Phase 2: late juvenile / subadult"
"SP_LI_LI-8_14",364.936042116066,7,"Phase 2: late juvenile / subadult"
"SP_LI_LI-8_15",431.179207501911,8,"Phase 2: late juvenile / subadult"
"SP_LI_LI-8_16",476.458350350836,10,"Phase 2: late juvenile / subadult"
"SP_LI_LI-8_18",462.880586625027,8,"Phase 2: late juvenile / subadult"
"SP_LI_LI-8_2",407.265802190785,7,"Phase 2: late juvenile / subadult"
"SP_LI_LI-8_20",444.562103719246,8,"Phase 2: late juvenile / subadult"
"SP_LI_LI-8_21",477.785287053756,7,"Phase 2: late juvenile / subadult"
"SP_LI_LI-8_22",492.007654857242,10,"Phase 2: late juvenile / subadult"
"SP_LI_LI-8_23",496.731069280513,8,"Phase 2: late juvenile / subadult"
"SP_LI_LI-8_24",494.572555507661,8,"Phase 2: late juvenile / subadult"
"SP_LI_LI-8_27",452.177916072661,7,"Phase 2: late juvenile / subadult"
"SP_LI_LI-8_28",405.364330740993,8,"Phase 2: late juvenile / subadult"
"SP_LI_LI-8_3",462.142622474358,9,"Phase 2: late juvenile / subadult"
"SP_LI_LI-8_30",443.171655543312,8,"Phase 2: late juvenile / subadult"
"SP_LI_LI-8_33",436.428684581898,10,"Phase 2: late juvenile / subadult"
"SP_LI_LI-8_34",337.089402531383,5,"Phase 2: late juvenile / subadult"
"SP_LI_LI-8_35",398.789995170157,7,"Phase 2: late juvenile / subadult"
"SP_LI_LI-8_36",456.261945105879,8,"Phase 2: late juvenile / subadult"
"SP_LI_LI-8_37",321.4716539973,7,"Phase 2: late juvenile / subadult"
"SP_LI_LI-8_38",391.953127128776,7,"Phase 2: late juvenile / subadult"
"SP_LI_LI-8_39",392.263561019748,7,"Phase 2: late juvenile / subadult"
"SP_LI_LI-8_4",712.455168712622,7,"Phase 3: likely adult"
"SP_LI_LI-8_40",426.51347955648,8,"Phase 2: late juvenile / subadult"
"SP_LI_LI-8_41",429.53985755111,8,"Phase 2: late juvenile / subadult"
"SP_LI_LI-8_42",448.401090396634,9,"Phase 2: late juvenile / subadult"
"SP_LI_LI-8_43",444.360917757377,7,"Phase 2: late juvenile / subadult"
"SP_LI_LI-8_44",378.771803313014,9,"Phase 2: late juvenile / subadult"
"SP_LI_LI-8_47",375.308770219383,7,"Phase 2: late juvenile / subadult"
"SP_LI_LI-8_48",363.14676385176,7,"Phase 2: late juvenile / subadult"
"SP_LI_LI-8_49",380.488920279926,7,"Phase 2: late juvenile / subadult"
"SP_LI_LI-8_5",403.098919417732,9,"Phase 2: late juvenile / subadult"
"SP_LI_LI-8_50",515.252515596359,8,"Phase 2: late juvenile / subadult"
"SP_LI_LI-8_51",416.792093000534,8,"Phase 2: late juvenile / subadult"
"SP_LI_LI-8_52",358.199641091575,7,"Phase 2: late juvenile / subadult"
"SP_LI_LI-8_53",350.406155291251,6,"Phase 2: late juvenile / subadult"
"SP_LI_LI-8_54",338.072276535514,6,"Phase 2: late juvenile / subadult"
"SP_LI_LI-8_55",378.281504884689,7,"Phase 2: late juvenile / subadult"
"SP_LI_LI-8_56",419.299570703155,8,"Phase 2: late juvenile / subadult"
"SP_LI_LI-8_57",326.772102709665,7,"Phase 2: late juvenile / subadult"
"SP_LI_LI-8_58",319.789765794097,7,"Phase 2: late juvenile / subadult"
"SP_LI_LI-8_60",303.823801979744,6,"Phase 2: late juvenile / subadult"
"SP_LI_LI-8_61",408.186185060644,8,"Phase 2: late juvenile / subadult"
"SP_LI_LI-8_62",409.616770891525,7,"Phase 2: late juvenile / subadult"
"SP_LI_LI-8_64",342.905539738408,7,"Phase 2: late juvenile / subadult"
"SP_LI_LI-8_65",304.477567003213,7,"Phase 2: late juvenile / subadult"
"SP_LI_LI-8_66",334.305613172924,6,"Phase 2: late juvenile / subadult"
"SP_LI_LI-8_67",417.589582425623,8,"Phase 2: late juvenile / subadult"
"SP_LI_LI-8_68",350.668707913536,8,"Phase 2: late juvenile / subadult"
"SP_LI_LI-8_70",349.521621728922,7,"Phase 2: late juvenile / subadult"
"SP_LI_LI-8_71",361.465717271863,6,"Phase 2: late juvenile / subadult"
"SP_LI_LI-8_72",290.818133092167,7,"Phase 1: early juvenile"
"SP_LI_LI-8_73",386.281526704702,7,"Phase 2: late juvenile / subadult"
"SP_LI_LI-8_75",366.409535722456,7,"Phase 2: late juvenile / subadult"
"SP_LI_LI-8_76",375.375640502298,8,"Phase 2: late juvenile / subadult"
"SP_LI_LI-8_77",353.877939510071,7,"Phase 2: late juvenile / subadult"
"SP_LI_LI-8_78",291.927495481061,6,"Phase 1: early juvenile"
"SP_LI_LI-8_79",301.910945433902,7,"Phase 2: late juvenile / subadult"
"SP_LI_LI-8_8",392.11465415967,7,"Phase 2: late juvenile / subadult"
"SP_LI_LI-8_80",360.069170496651,7,"Phase 2: late juvenile / subadult"
"SP_LI_LI-8_81",344.829694308813,7,"Phase 2: late juvenile / subadult"
"SP_LI_LI-8_82",366.502177087313,6,"Phase 2: late juvenile / subadult"
"SP_LI_LI-8_83",285.387772361026,7,"Phase 1: early juvenile"
"SP_LI_LI-8_84",404.424754076353,7,"Phase 2: late juvenile / subadult"
"SP_LI_LI-8_85",351.766964905997,8,"Phase 2: late juvenile / subadult"
"SP_LI_LI-8_86",440.768236811336,8,"Phase 2: late juvenile / subadult"
"SP_LI_LI-8_88",285.149366911486,6,"Phase 1: early juvenile"
"SP_LI_LI-8_89",372.198093350837,7,"Phase 2: late juvenile / subadult"
"SP_LI_LI-8_9",381.249185487986,8,"Phase 2: late juvenile / subadult"
"SP_LI_LI-8_90",360.170844752485,7,"Phase 2: late juvenile / subadult"
"SP_LI_LI-8_91",335.31033966127,8,"Phase 2: late juvenile / subadult"
"SP_LI_LI-8_92",399.269768068355,7,"Phase 2: late juvenile / subadult"
"SP_LI_LI-8_93",288.431797854138,6,"Phase 1: early juvenile"
"SP_LI_LI-8_94",351.537924310938,6,"Phase 2: late juvenile / subadult"
"SP_LI_LI-8_96",342.504951364972,7,"Phase 2: late juvenile / subadult"
"SP_LI_LI-8_97",389.928406914091,8,"Phase 2: late juvenile / subadult"
"SP_LI_LI-8_98",308.422543879726,7,"Phase 2: late juvenile / subadult"
"SP_LI_LI-8_99",334.312768988892,7,"Phase 2: late juvenile / subadult"
